source,source_text_id,source_sentence_id,language_stage,script_type,genre,period,hieroglyphs,mdc,sign_sequence,transliteration_gold,translation,lemma_sequence,upos,glossing,grammar_notes,source_ref,review_status,formula_type,deity,recipient,offering_items,formula_slot,display_sequence,normalized_reading_order,alt_transliterations,variant_writing_note,morphology_note,syntax_note,aesthetic_arrangement_flag
TLA,TLA_EARLIER_001,S001,Earlier Egyptian,hieroglyphic/hieratic,unknown,Earlier Egyptian,𓐩𓏌𓀜 𓂧 𓂋 𓋴,ndj wdi r s,nḏ (w)di̯ r =s,nḏ (w)di̯ r =s,"(es) werde zerrieben, (es) werde darauf gelegt.",90880|nḏ 51510|wdi̯ 91901|r 10090|=s,VERB VERB ADP PRON,V\tam.pass V\tam.pass PREP:stpr -3sg.f,,data/raw/tla_earlier/tla_earlier.parquet#row=1,seed,,,,,,𓐩𓏌𓀜 𓂧 𓂋 𓋴,ndj wdi r s,,,,,False
TLA,TLA_EARLIER_002,S002,Earlier Egyptian,hieroglyphic/hieratic,unknown,Earlier Egyptian,𓂜 𓍿𓅱 𓇋𓅓 𓋴𓈖,n tjw m sn,n ṯw ꞽm =sn,n ṯw ꞽm =sn,Du gehörst nicht zu ihnen.,78890|n 174900|ṯw 400007|m 10100|=sn,PART PRON ADP PRON,PTCL =2sg.m PREP:stpr -3pl,,data/raw/tla_earlier/tla_earlier.parquet#row=2,seed,,,,,,𓂜 𓍿𓅱 𓇋𓅓 𓋴𓈖,n tjw m sn,,,,,False
TLA,TLA_EARLIER_003,S003,Earlier Egyptian,hieroglyphic/hieratic,unknown,Earlier Egyptian,<g>M12B</g> 𓅓 𓏐𓏒 𓏊 𓃾𓏒 𓅿 𓈖 𓄪 𓄓𓈙𓈖𓂝𓎩𓏨 𓇋𓏠𓈖𓅓𓄂𓏏 𓐙𓊤︂,kha m t hnqt kapl apdpl n makh m-r-shnapl mn-m-hat maa-khrw,ḫꜣ m tʾ ḥnq.t kꜣ(.PL) ꜣpd(.PL) n ꞽmꜣḫ ꞽm.ꞽ-rʾ-šnꜥ.PL ꞽmn-m-ḥꜣ.t mꜣꜥ-ḫrw,ḫꜣ m tʾ ḥnq.t kꜣ(.PL) ꜣpd(.PL) n ꞽmꜣḫ ꞽm.ꞽ-rʾ-šnꜥ.PL ꞽmn-m-ḥꜣ.t mꜣꜥ-ḫrw,"Tausend an Brot, Bier, Rindern und Geflügel für den Versorgten, den Vorsteher des $šnꜥ$, Amenemhet, den Gerechtfertigten.",113110|ḫꜣ 400082|m 168810|tʾ 110300|ḥnq.t 162930|kꜣ 107|ꜣpd 400055|n 25090|ꞽmꜣḫ.w 72420|ꞽm.ꞽ-rʾ-šnꜥ 400161|Ꞽmn-m-ḥꜣ.t 66750|mꜣꜥ-ḫrw,NOUN ADP NOUN NOUN NOUN NOUN ADP NOUN NOUN PROPN NOUN,N.m PREP N.m N.f N.m:pl N.m:pl PREP N.m TITL ROYLN N.m,,data/raw/tla_earlier/tla_earlier.parquet#row=3,seed,,,,,,<g>M12B</g> 𓅓 𓏐𓏒 𓏊 𓃾𓏒 𓅿 𓈖 𓄪 𓄓𓈙𓈖𓂝𓎩𓏨 𓇋𓏠𓈖𓅓𓄂𓏏 𓐙𓊤︂,kha m t hnqt kapl apdpl n makh m-r-shnapl mn-m-hat maa-khrw,,,,,False
TLA,TLA_EARLIER_004,S004,Earlier Egyptian,hieroglyphic/hieratic,unknown,Earlier Egyptian,𓊢𓂝,aha,ꜥḥꜥ,ꜥḥꜥ,Steh auf!,40110|ꜥḥꜥ,VERB,V\imp.sg,,data/raw/tla_earlier/tla_earlier.parquet#row=4,seed,,,,,,𓊢𓂝,aha,,,,,False
TLA,TLA_EARLIER_005,S005,Earlier Egyptian,hieroglyphic/hieratic,unknown,Earlier Egyptian,𓊨𓁹 𓍹𓃹𓈖𓇋𓋴𓍺 𓌇 𓈖 𓎡 𓁹𓏏𓏤𓅃 𓇋𓂝𓎺 𓈖 𓎡 𓋴 𓇋𓂋 𓂋 𓎡,wsr wns m n k rt-hrw ab n k s r r k,(w)sꞽr wnꞽs m n =k ꞽr.t-ḥr.w ꞽꜥb n =k s(ꞽ) ꞽr rʾ =k,(w)sꞽr wnꞽs m n =k ꞽr.t-ḥr.w ꞽꜥb n =k s(ꞽ) ꞽr rʾ =k,"Osiris Unas, nimm dir das Horusauge und stecke es dir in deinen Mund.",49461|Wsꞽr 800001|Wnꞽs 67780|mꞽ 400055|n 10110|=k 28410|ꞽr.t-Ḥr.w 21680|ꞽꜥb 400055|n 10110|=k 127770|sꞽ 91901|r 92560|rʾ 10110|=k,NOUN PROPN VERB ADP PRON NOUN VERB ADP PRON PRON ADP NOUN PRON,TITL ROYLN V\imp.sg PREP:stpr -2sg.m N.f V\imp.sg PREP:stpr -2sg.m =3sg.f PREP N.m:stpr -2sg.m,,data/raw/tla_earlier/tla_earlier.parquet#row=5,seed,,,,,,𓊨𓁹 𓍹𓃹𓈖𓇋𓋴𓍺 𓌇 𓈖 𓎡 𓁹𓏏𓏤𓅃 𓇋𓂝𓎺 𓈖 𓎡 𓋴 𓇋𓂋 𓂋 𓎡,wsr wns m n k rt-hrw ab n k s r r k,,,,,False
TLA,TLA_EARLIER_006,S006,Earlier Egyptian,hieroglyphic/hieratic,unknown,Earlier Egyptian,𓇋𓍯 𓂋𓈖,wa rn,ꞽwꜣ rn,ꞽwꜣ rn,"Langhornrind, ein Jungtier.",22160|ꞽwꜣ 94720|rn,NOUN NOUN,N.m N.m,,data/raw/tla_earlier/tla_earlier.parquet#row=6,seed,,,,,,𓇋𓍯 𓂋𓈖,wa rn,,,,,False
TLA,TLA_EARLIER_007,S007,Earlier Egyptian,hieroglyphic/hieratic,unknown,Earlier Egyptian,𓈎𓂋𓋴𓌠𓏏𓊭 𓅓 𓊃𓏏𓈉 𓊿𓏏𓏏 𓀘 𓄤 𓅨𓂋𓏏 𓇓𓏏𓂋𓐍𓏏 𓅱𓂸𓏏𓏏𓂓𓀻,qrst m zmyt mntt awit nfr wrt rt-kht-nswt wmtt-ka,qrs.t(ꞽ) m z(my).t ꞽmn.t(ꞽ).t ꞽꜣwi̯(.tꞽ) nfr wr.t (ꞽ)r(.ꞽt-ꞽ)ḫ(.t)-nswt wmt.t-kꜣ,qrs.t(ꞽ) m z(my).t ꞽmn.t(ꞽ).t ꞽꜣwi̯(.tꞽ) nfr wr.t (ꞽ)r(.ꞽt-ꞽ)ḫ(.t)-nswt wmt.t-kꜣ,"Sie möge bestattet sein in der westlichen Begräbniosstätte, indem sie sehr schön alt ist, die Verwalterin des Königsvermögens Wemetet-ka.",161940|qrs 400007|m 134780|zmy.t 26150|ꞽmn.tꞽ 20480|ꞽꜣwi̯ 400458|nfr 450161|wr.t 95750|ꞽr.ꞽt-ꞽḫ.t-nswt 711504|Wmt.t-kꜣ,VERB ADP NOUN ADJ VERB ADV ADV NOUN PROPN,V\res-3sg.f PREP N.m N-adjz:f.sg V\res-3sg.f ADV ADV TITL PERSN,,data/raw/tla_earlier/tla_earlier.parquet#row=7,seed,,,,,,𓈎𓂋𓋴𓌠𓏏𓊭 𓅓 𓊃𓏏𓈉 𓊿𓏏𓏏 𓀘 𓄤 𓅨𓂋𓏏 𓇓𓏏𓂋𓐍𓏏 𓅱𓂸𓏏𓏏𓂓𓀻,qrst m zmyt mntt awit nfr wrt rt-kht-nswt wmtt-ka,,,,,False
TLA,TLA_EARLIER_008,S008,Earlier Egyptian,hieroglyphic/hieratic,unknown,Earlier Egyptian,𓅓𓂋𓇓𓏏𓏞𓂝𓏝 𓋴𓌮𓄤,m-r-zkhaww-a-n-nswt sshm-nfr,(ꞽ)m(.ꞽ)-rʾ-zẖꜣ.w(w)-ꜥ-(n-)nswt sšm-nfr,(ꞽ)m(.ꞽ)-rʾ-zẖꜣ.w(w)-ꜥ-(n-)nswt sšm-nfr,Der Vorsteher der Aktenschreiber des Königs Seschem-nefer.,450419|ꞽm.ꞽ-rʾ-zẖꜣ.ww-ꜥ-n-nswt 707086|Sšm-nfr,NOUN PROPN,TITL PERSN,,data/raw/tla_earlier/tla_earlier.parquet#row=8,seed,,,,,,𓅓𓂋𓇓𓏏𓏞𓂝𓏝 𓋴𓌮𓄤,m-r-zkhaww-a-n-nswt sshm-nfr,,,,,False
TLA,TLA_EARLIER_009,S009,Earlier Egyptian,hieroglyphic/hieratic,unknown,Earlier Egyptian,𓂖 𓅓𓂋𓅱𓇋𓂧𓅱,hm-ka mrw-dw,ḥm-kꜣ mr.w-ꞽdw,ḥm-kꜣ mr.w-ꞽdw,Der Totenpriester Meru-idu.,104990|ḥm-kꜣ 702353|Mrw+ꞽdw,NOUN PROPN,TITL PERSN,,data/raw/tla_earlier/tla_earlier.parquet#row=9,seed,,,,,,𓂖 𓅓𓂋𓅱𓇋𓂧𓅱,hm-ka mrw-dw,,,,,False
TLA,TLA_EARLIER_010,S010,Earlier Egyptian,hieroglyphic/hieratic,unknown,Earlier Egyptian,𓇋𓐍𓏛 𓉔𓈖𓉔𓈖 𓋴 𓁷 𓂢𓂢 𓀀,kh hnhn s hr rmndu,ꞽḫ hnhn =s ḥr rmn.DU =ꞽ,ꞽḫ hnhn =s ḥr rmn.DU =ꞽ,"Ach, sie möge ausgelassen sein (? o.ä.) auf meinen Ober(?)armen!",30730|ꞽḫ 98860|hnhn 10090|=s 400090|ḥr 94240|rmn 10030|=ꞽ,PART VERB PRON ADP NOUN PRON,PTCL V\tam.act:stpr -3sg.f PREP N.m:du:stpr -1sg,,data/raw/tla_earlier/tla_earlier.parquet#row=10,seed,,,,,,𓇋𓐍𓏛 𓉔𓈖𓉔𓈖 𓋴 𓁷 𓂢𓂢 𓀀,kh hnhn s hr rmndu,,,,,False
TLA,TLA_EARLIER_011,S011,Earlier Egyptian,hieroglyphic/hieratic,unknown,Earlier Egyptian,𓇋𓏲 𓐛𓏤 𓈖 𓀋𓏲𓏛𓏥 𓎢 𓂋 𓄞𓂧𓏏𓂝 𓎢 𓁷𓏤 𓌻𓂋𓇋𓇋𓏏𓈇 𓎟𓏏,w gs n atjpw k r shdit k hr mryt nbt,ꞽw gs n ꜣṯp.w =k r šdi̯.t =k ḥr mr.yt nb.t,ꞽw gs n ꜣṯp.w =k r šdi̯.t =k ḥr mr.yt nb.t,"(Aber nur) die Hälfte deiner Ladung wird das sein, was du überall zerstreut bergen (wörtl.: auf jedem Ufer retten) kannst.",851515|ꞽw 168260|gs 79800|n.ꞽ 324|ꜣṯp.w 10110|=k 91900|r 158710|šdi̯ 10110|=k 400090|ḥr 72540|mr.yt 81660|nb,PART NOUN ADJ NOUN PRON ADP VERB PRON ADP NOUN ADJ,PTCL N.m PREP-adjz:m.sg N.m:stpr -2sg.m PREP V\rel.f.sg:stpr -2sg.m PREP N.f ADJ:f.sg,,data/raw/tla_earlier/tla_earlier.parquet#row=11,seed,,,,,,𓇋𓏲 𓐛𓏤 𓈖 𓀋𓏲𓏛𓏥 𓎢 𓂋 𓄞𓂧𓏏𓂝 𓎢 𓁷𓏤 𓌻𓂋𓇋𓇋𓏏𓈇 𓎟𓏏,w gs n atjpw k r shdit k hr mryt nbt,,,,,False
TLA,TLA_EARLIER_012,S012,Earlier Egyptian,hieroglyphic/hieratic,unknown,Earlier Egyptian,𓅱𓈙𓃀𓏴𓅱𓀁 𓌃𓂧𓏏𓀁 𓏇𓇋 𓆣𓂋𓏏 𓇋𓅓 𓋴,wshbw mdwt m khprt m s,wšb.w md(w).t mꞽ ḫpr.t ꞽm =s,wšb.w md(w).t mꞽ ḫpr.t ꞽm =s,"Einer, der die Rede beantwortet entsprechend dem, was in ihr vorgekommen ist.",50340|wšb 78030|mdw.t 67820|mꞽ 116230|ḫpr 400007|m 10090|=s,VERB NOUN ADP VERB ADP PRON,V\ptcp.act.m.sg N.f PREP V\ptcp.act.f.sg PREP:stpr -3sg.f,,data/raw/tla_earlier/tla_earlier.parquet#row=12,seed,,,,,,𓅱𓈙𓃀𓏴𓅱𓀁 𓌃𓂧𓏏𓀁 𓏇𓇋 𓆣𓂋𓏏 𓇋𓅓 𓋴,wshbw mdwt m khprt m s,,,,,False
TLA,TLA_EARLIER_013,S013,Earlier Egyptian,hieroglyphic/hieratic,unknown,Earlier Egyptian,𓍯𓎝𓄣,wah-b,wꜣḥ-ꞽb,wꜣḥ-ꞽb,(Personenbeischrift:) Wach-ib.,711342|Wꜣḥ-ꞽb,PROPN,PERSN,,data/raw/tla_earlier/tla_earlier.parquet#row=13,seed,,,,,,𓍯𓎝𓄣,wah-b,,,,,False
TLA,TLA_EARLIER_014,S014,Earlier Egyptian,hieroglyphic/hieratic,unknown,Earlier Egyptian,𓇋𓂋 𓏏𓅓𓋴𓏞𓏛 𓋴𓊪𓏏𓂏 𓆑𓏭 𓂧𓈙𓂋𓏯 𓋴𓊪𓏏𓂏 𓆑 𓊪𓏲 𓏇𓇋 𓇋𓁹𓅂𓈒𓏥 𓏏𓅓𓋴𓏏𓏞𓆮𓈒𓏥,r tms sptdu f dshr sptdu f pw m rtw tmst,ꞽr tms sp.t.DU =fꞽ dšr sp.t.DU =f(ꞽ) pw mꞽ ꞽrtꞽw tms.t,ꞽr tms sp.t.DU =fꞽ dšr sp.t.DU =f(ꞽ) pw mꞽ ꞽrtꞽw tms.t,"(Glosse C:) Was (die Textstelle) ""gerötet/rötlich sind seine beiden (Wund)ränder"" angeht:
das bedeutet, dass seine beiden (Wund)ränder rot sind, wie die Färbung von Körnern/Samen der $ṯms.t$-Pflanze.",28160|ꞽr 175540|ṯms 132440|sp.t 10060|=fꞽ 180690|dšr 132440|sp.t 10060|=fꞽ 59741|pw 67820|mꞽ 30010|ꞽrt.w 863012|ṯms.t,ADP VERB NOUN PRON VERB NOUN PRON PRON ADP NOUN NOUN,PREP V\tam.act N.f:du:stpr -3sg.m V\tam.act N.f:du:stpr -3sg.m dem PREP N.m:stc N.f,,data/raw/tla_earlier/tla_earlier.parquet#row=14,seed,,,,,,𓇋𓂋 𓏏𓅓𓋴𓏞𓏛 𓋴𓊪𓏏𓂏 𓆑𓏭 𓂧𓈙𓂋𓏯 𓋴𓊪𓏏𓂏 𓆑 𓊪𓏲 𓏇𓇋 𓇋𓁹𓅂𓈒𓏥 𓏏𓅓𓋴𓏏𓏞𓆮𓈒𓏥,r tms sptdu f dshr sptdu f pw m rtw tmst,,,,,False
TLA,TLA_EARLIER_015,S015,Earlier Egyptian,hieroglyphic/hieratic,unknown,Earlier Egyptian,𓅱𓄐𓃀 𓂋 𓆑 𓈙𓐟𓅱𓄓 𓊪𓈖 𓇋𓏶 𓂋𓏤 𓆑,wab r f shsaw pn m r f,wꜥb r =f šsꜣ.w pn ꞽm(.ꞽ) rʾ =f,wꜥb r =f šsꜣ.w pn ꞽm(.ꞽ) rʾ =f,"Rein ist auch diese Zunge, die in seinem Mund ist.",44430|wꜥb 28170|ꞽr 10050|=f 157110|šsꜣ.w 59920|pn 25130|ꞽm.ꞽ 92560|rʾ 10050|=f,VERB PART PRON NOUN PRON ADJ NOUN PRON,V\ptcp.act.m.sg PTCL:stpr -3sg.m N dem.m.sg PREP-adjz:m.sg N.m:stpr -3sg.m,,data/raw/tla_earlier/tla_earlier.parquet#row=15,seed,,,,,,𓅱𓄐𓃀 𓂋 𓆑 𓈙𓐟𓅱𓄓 𓊪𓈖 𓇋𓏶 𓂋𓏤 𓆑,wab r f shsaw pn m r f,,,,,False
TLA,TLA_EARLIER_016,S016,Earlier Egyptian,hieroglyphic/hieratic,unknown,Earlier Egyptian,𓌂𓁷𓄣,khrp-hr-b,ḫrp-ḥr(.ꞽ)-ꞽb,ḫrp-ḥr(.ꞽ)-ꞽb,Leiter der Mitte,882338|ḫrp-ḥr.ꞽ-ꞽb,NOUN,TITL,,data/raw/tla_earlier/tla_earlier.parquet#row=16,seed,,,,,,𓌂𓁷𓄣,khrp-hr-b,,,,,False
TLA,TLA_EARLIER_017,S017,Earlier Egyptian,hieroglyphic/hieratic,unknown,Earlier Egyptian,𓍒𓏏𓂻 𓃀𓈟𓈘 𓅓 𓊵𓏏𓊪 𓄤 𓅨𓂋𓏏,djait ba m htp nfr wrt,ḏꜣi̯.t bꞽꜣ m ḥtp nfr wr.t,ḏꜣi̯.t bꞽꜣ m ḥtp nfr wr.t,Das sehr schöne friedliche Durchkreuzen des Himmelsozeans.,181780|ḏꜣi̯ 54320|bꞽꜣ 64362|m 111260|ḥtp.w 400458|nfr 450161|wr.t,VERB NOUN ADP NOUN ADV ADV,V\inf N.m PREP N.m ADV ADV,,data/raw/tla_earlier/tla_earlier.parquet#row=17,seed,,,,,,𓍒𓏏𓂻 𓃀𓈟𓈘 𓅓 𓊵𓏏𓊪 𓄤 𓅨𓂋𓏏,djait ba m htp nfr wrt,,,,,False
TLA,TLA_EARLIER_018,S018,Earlier Egyptian,hieroglyphic/hieratic,unknown,Earlier Egyptian,𓋴𓍿𓐏𓉲𓎱𓎰,stji-hab,sṯi̯-ḥꜣb,sṯi̯-ḥꜣb,Festduftöl.,149100|sṯꞽ-ḥꜣb,NOUN,N.m,,data/raw/tla_earlier/tla_earlier.parquet#row=18,seed,,,,,,𓋴𓍿𓐏𓉲𓎱𓎰,stji-hab,,,,,False
TLA,TLA_EARLIER_019,S019,Earlier Egyptian,hieroglyphic/hieratic,unknown,Earlier Egyptian,𓁹𓂋 𓎢 𓂋 𓎢 𓇋𓂋 𓆑 𓂋 𓅓𓂝,rr k r k r f r m,ꞽrr =k r =k ꞽr =f r m,ꞽrr =k r =k ꞽr =f r m,Warum handelst du also gegen dich (selbst)?,28550|ꞽri̯ 10110|=k 91902|r 10110|=k 28170|ꞽr 10050|=f 91903|r 64430|m,VERB PRON ADP PRON PART PRON ADP PRON,V~ipfv.act:stpr -2sg.m PREP:stpr -2sg.m PTCL:stpr -3sg.m PREP Q,,data/raw/tla_earlier/tla_earlier.parquet#row=19,seed,,,,,,𓁹𓂋 𓎢 𓂋 𓎢 𓇋𓂋 𓆑 𓂋 𓅓𓂝,rr k r k r f r m,,,,,False
TLA,TLA_EARLIER_020,S020,Earlier Egyptian,hieroglyphic/hieratic,unknown,Earlier Egyptian,𓇋𓏲 𓂝𓃹𓈖𓀜 𓄣𓏤 𓎢,w awn b k,ꞽw ꜥwn ꞽb =k,ꞽw ꜥwn ꞽb =k,Du bist habgierig;,851515|ꞽw 36170|ꜥwn+(ꞽb) 23290|ꞽb 10110|=k,PART VERB NOUN PRON,PTCL V\tam.act N.m:stpr -2sg.m,,data/raw/tla_earlier/tla_earlier.parquet#row=20,seed,,,,,,𓇋𓏲 𓂝𓃹𓈖𓀜 𓄣𓏤 𓎢,w awn b k,,,,,False
TLA,TLA_EARLIER_021,S021,Earlier Egyptian,hieroglyphic/hieratic,unknown,Earlier Egyptian,𓂋𓂞 𓂜 𓄡𓂋𓂧𓀔𓀀 𓂜 𓅨𓂋𓀀 𓂋𓏤𓊪𓏲,rdi n khrd n wr r-pw,rdi̯ n ẖrd n wr rʾ-pw,rdi̯ n ẖrd n wr rʾ-pw,(Es) werde dem Kind oder dem Großen gegeben.,96700|rḏi̯ 400055|n 124480|ẖrd 400055|n 47280|wr 92850|rʾ-pw,VERB ADP NOUN ADP NOUN PART,V\tam.pass PREP N.m PREP N.m PTCL,,data/raw/tla_earlier/tla_earlier.parquet#row=21,seed,,,,,,𓂋𓂞 𓂜 𓄡𓂋𓂧𓀔𓀀 𓂜 𓅨𓂋𓀀 𓂋𓏤𓊪𓏲,rdi n khrd n wr r-pw,,,,,False
TLA,TLA_EARLIER_022,S022,Earlier Egyptian,hieroglyphic/hieratic,unknown,Earlier Egyptian,𓄿𓏏𓏯𓇳 𓊪𓏲 𓎢𓏏𓏏𓅪 𓂧𓄿𓇋𓂋𓌗𓀜𓄣𓏤,at pw ktt dar-b,ꜣ.t pw kt.t dꜣꞽr-ꞽb,ꜣ.t pw kt.t dꜣꞽr-ꞽb,(Denn) sich zu beherrschen (wörtl.: das Herz zu bezwingen) dauert nur einen kurzen Augenblick.,5|ꜣ.t 59741|pw 165730|ktt 177750|dꜣr+(ꞽb),NOUN PRON ADJ VERB,N.f dem ADJ:f.sg V\inf,,data/raw/tla_earlier/tla_earlier.parquet#row=22,seed,,,,,,𓄿𓏏𓏯𓇳 𓊪𓏲 𓎢𓏏𓏏𓅪 𓂧𓄿𓇋𓂋𓌗𓀜𓄣𓏤,at pw ktt dar-b,,,,,False
TLA,TLA_EARLIER_023,S023,Earlier Egyptian,hieroglyphic/hieratic,unknown,Earlier Egyptian,𓏟𓋴𓌉 𓅓𓂋𓂖 𓁹𓂋𓎛𓎿𓊃𓊃𓏏𓎟𓆑 𓂋𓈖𓋴𓇋 𓅭 𓇋𓃀𓇋,shdj-zkhaww m-r-hmw-ka rr-hzzt-nbf rns za b,sḥḏ-zẖꜣ.ww (ꞽ)m(.ꞽ)-rʾ-ḥm(.w)-kꜣ ꞽrr-ḥzz.t-nb=f rnsꞽ zꜣ ꞽbꞽ,sḥḏ-zẖꜣ.ww (ꞽ)m(.ꞽ)-rʾ-ḥm(.w)-kꜣ ꞽrr-ḥzz.t-nb=f rnsꞽ zꜣ ꞽbꞽ,"Aufseher der Schreiber, Vorsteher der Totenpriester, Rensis Sohn Ibi",450652|sḥḏ-zẖꜣ.ww 800075|ꞽm.ꞽ-rʾ-ḥm.w-kꜣ 852869|ꞽrr-ḥzz.t-nb=f 704225|Rnsꞽ 125510|zꜣ 400216|Ꞽbꞽ,NOUN NOUN NOUN PROPN NOUN PROPN,TITL TITL TITL PERSN N.m PERSN,,data/raw/tla_earlier/tla_earlier.parquet#row=23,seed,,,,,,𓏟𓋴𓌉 𓅓𓂋𓂖 𓁹𓂋𓎛𓎿𓊃𓊃𓏏𓎟𓆑 𓂋𓈖𓋴𓇋 𓅭 𓇋𓃀𓇋,shdj-zkhaww m-r-hmw-ka rr-hzzt-nbf rns za b,,,,,False
TLA,TLA_EARLIER_024,S024,Earlier Egyptian,hieroglyphic/hieratic,unknown,Earlier Egyptian,𓋴𓇋𓄿𓏏𓂿 𓈖 𓋴𓇋𓂝𓏏𓂿 𓅃,sat n sat hr,sꞽꜣt n sꞽꜣt ḥr,sꞽꜣt n sꞽꜣt ḥr,"Verletzung für den, der Horus verletzt! (???)",127960|sꞽꜣṯ 78870|n 127960|sꞽꜣṯ 107500|Ḥr.w,VERB ADP VERB PROPN,V PREP V DIVN,,data/raw/tla_earlier/tla_earlier.parquet#row=24,seed,,,,,,𓋴𓇋𓄿𓏏𓂿 𓈖 𓋴𓇋𓂝𓏏𓂿 𓅃,sat n sat hr,,,,,False
TLA,TLA_EARLIER_025,S025,Earlier Egyptian,hieroglyphic/hieratic,unknown,Earlier Egyptian,𓂝𓇋𓇋 𓁹𓅃 𓁷 𓆓𓈖𓎛𓆃 𓈖𓇋 𓌢𓈖 𓆑 𓋴𓏏𓈙,miy rt-hrw hr djnh n sn f stsh,ꞽmi̯.y ꞽr(.t)-ḥr.w ḥr ḏnḥ n.ꞽ sn =f stš,ꞽmi̯.y ꞽr(.t)-ḥr.w ḥr ḏnḥ n.ꞽ sn =f stš,Gebt das Horusauge auf den Flügel seines Bruders Seth.,851706|ꞽmi̯ 28410|ꞽr.t-Ḥr.w 400090|ḥr 184370|ḏnḥ 79800|n.ꞽ 136230|sn 10050|=f 148520|Stẖ,VERB NOUN ADP NOUN ADJ NOUN PRON PROPN,V\imp.pl N.f PREP N.m PREP-adjz:m.sg N.m:stpr -3sg.m DIVN,,data/raw/tla_earlier/tla_earlier.parquet#row=25,seed,,,,,,𓂝𓇋𓇋 𓁹𓅃 𓁷 𓆓𓈖𓎛𓆃 𓈖𓇋 𓌢𓈖 𓆑 𓋴𓏏𓈙,miy rt-hrw hr djnh n sn f stsh,,,,,False
TLA,TLA_EARLIER_026,S026,Earlier Egyptian,hieroglyphic/hieratic,unknown,Earlier Egyptian,𓍹𓃹𓈖𓇋𓋴𓍺 𓊪𓇋 𓊃𓎡𓂋 𓈖𓇋 𓂋𓏤𓋴𓍬𓍬𓍬𓈉,wns p zkr n r-stjapl,wnꞽs pꞽ zkr n.ꞽ rʾ-sṯꜣ.PL,wnꞽs pꞽ zkr n.ꞽ rʾ-sṯꜣ.PL,Unas ist Sokar von Ro-setau.,800001|Wnꞽs 851267|pꞽ 146890|Zkr 79800|n.ꞽ 93110|Rʾ-sṯꜣ.w,PROPN PRON PROPN ADJ PROPN,ROYLN dem DIVN PREP-adjz:m.sg TOPN,,data/raw/tla_earlier/tla_earlier.parquet#row=26,seed,,,,,,𓍹𓃹𓈖𓇋𓋴𓍺 𓊪𓇋 𓊃𓎡𓂋 𓈖𓇋 𓂋𓏤𓋴𓍬𓍬𓍬𓈉,wns p zkr n r-stjapl,,,,,False
TLA,TLA_EARLIER_027,S027,Earlier Egyptian,hieroglyphic/hieratic,unknown,Earlier Egyptian,𓎼𓂋𓀁𓀀 𓂝𓈖𓈖𓂽 𓇓𓏲 𓂋 𓁹𓏏 𓎀𓋴𓏏𓍞𓏛𓏥 𓈖 𓎢 𓂜 𓅾𓀁𓈖 𓆑 𓈖 𓏏𓍯𓄿𓀁 𓈖 𓆑 𓋴𓏏 𓂜 𓏎𓈖 𓌢𓈖𓀀 𓆑 𓂋 𓎢 𓅓𓄚𓈖𓏌𓏲𓉐 𓌻𓂋𓂋𓏏𓊋𓉐,gr ann sw r rit tjst n k n sndjn f n twa n f st n ni sn f r k m-khnw mrrt,gr ꜥnn sw r ꞽri̯.t ṯs.t n =k n snḏ.n =f n twꜣ n =f st n ꞽni̯ sn =f r =k m-ẖnw mrr.t,gr ꜥnn sw r ꞽri̯.t ṯs.t n =k n snḏ.n =f n twꜣ n =f st n ꞽni̯ sn =f r =k m-ẖnw mrr.t,"Der Bescheidene (wörtl.: Schweigende), der sich umwendet, um sich bei dir zu beschweren, fürchtet sich nicht vor dem, dem es bittend vorgetragen wird (d.h. vor dir), (indem/wenn) sein Bruder nicht zu dir gebracht worden ist von der Straße.",167800|gr.w 38040|ꜥnn 129490|sw 91909|r 29500|ꞽri̯+(ṯz.t) 177030|ṯz.t 78873|n 10110|=k 79800|n.ꞽ 138730|snḏ 10050|=f 400055|n 170130|twꜣ 400055|n 10050|=f 147350|st 79800|n.ꞽ 26870|ꞽni̯ 136230|sn 10050|=f 91901|r 10110|=k 65370|m-ẖnw 72740|mrr.t,NOUN VERB PRON ADP VERB NOUN ADP PRON ADJ VERB PRON ADP VERB ADP PRON PRON ADJ VERB NOUN PRON ADP PRON ADP NOUN,N.m V\ptcp.act.m.sg =3sg.m PREP V\inf N.f PREP:stpr -2sg.m PREP-adjz:m.sg V\tam.act-ant:stpr -3sg.m PREP V\ptcp.pass.m.sg PREP:stpr -3sg.m =3sg.c PREP-adjz:m.sg V\tam.pass N.m:stpr -3sg.m PREP:stpr -2sg.m PREP N.f,,data/raw/tla_earlier/tla_earlier.parquet#row=27,seed,,,,,,𓎼𓂋𓀁𓀀 𓂝𓈖𓈖𓂽 𓇓𓏲 𓂋 𓁹𓏏 𓎀𓋴𓏏𓍞𓏛𓏥 𓈖 𓎢 𓂜 𓅾𓀁𓈖 𓆑 𓈖 𓏏𓍯𓄿𓀁 𓈖 𓆑 𓋴𓏏 𓂜 𓏎𓈖 𓌢𓈖𓀀 𓆑 𓂋 𓎢 𓅓𓄚𓈖𓏌𓏲𓉐 𓌻𓂋𓂋𓏏𓊋𓉐,gr ann sw r rit tjst n k n sndjn f n twa n f st n ni sn f r k m-khnw mrrt,,,,,False
TLA,TLA_EARLIER_028,S028,Earlier Egyptian,hieroglyphic/hieratic,unknown,Earlier Egyptian,𓂜𓊃𓊪𓊗 𓐍𓊪𓆣𓂋 𓏇𓎟𓏏 𓐍𓂋 𓊹𓊹𓊹 𓏶𓅱𓂸𓏤,n-zp khpr mtt khr ntjrpl mw-bah,n-zp ḫpr mꞽ.tꞽt ḫr nṯr.PL ꞽm.ꞽ.w-bꜣḥ,n-zp ḫpr mꞽ.tꞽt ḫr nṯr.PL ꞽm.ꞽ.w-bꜣḥ,"Niemals war Gleichartiges geschehen unter den Göttern, die früher existierten.",79450|n-zp 116230|ḫpr 67960|mꞽ.tꞽt 400036|ḫr 90260|nṯr 25410|ꞽm.ꞽ-bꜣḥ,PART VERB NOUN ADP NOUN ADJ,PTCL V\tam.act N.f PREP N.m:pl PREP-adjz:m.pl,,data/raw/tla_earlier/tla_earlier.parquet#row=28,seed,,,,,,𓂜𓊃𓊪𓊗 𓐍𓊪𓆣𓂋 𓏇𓎟𓏏 𓐍𓂋 𓊹𓊹𓊹 𓏶𓅱𓂸𓏤,n-zp khpr mtt khr ntjrpl mw-bah,,,,,False
TLA,TLA_EARLIER_029,S029,Earlier Egyptian,hieroglyphic/hieratic,unknown,Earlier Egyptian,𓊃𓆑𓂉𓀁 𓎟 𓏏𓏐𓏒𓏥𓀀 𓈖𓆱𓐍𓏏𓀜 𓈖 𓐍𓈖𓂋𓍕𓀁𓀀,sf nb t nkht n khnr,sf nb tʾ nḫt n ḫnr,sf nb tʾ nḫt n ḫnr,"Ein Brotherr möge/sollte milde sein, (wenn) Macht/Gewalt dem Kriminellen (?) gehört.",133390|zf 81650|nb 168810|tʾ 87620|nḫt.w 400055|n 118340|ḫnr,VERB NOUN NOUN NOUN ADP NOUN,V\tam.act N.m:stc N.m N.m PREP N.m,,data/raw/tla_earlier/tla_earlier.parquet#row=29,seed,,,,,,𓊃𓆑𓂉𓀁 𓎟 𓏏𓏐𓏒𓏥𓀀 𓈖𓆱𓐍𓏏𓀜 𓈖 𓐍𓈖𓂋𓍕𓀁𓀀,sf nb t nkht n khnr,,,,,False
TLA,TLA_EARLIER_030,S030,Earlier Egyptian,hieroglyphic/hieratic,unknown,Earlier Egyptian,𓅭𓊨,za-ast,zꜣ-ꜣs.t,zꜣ-ꜣs.t,Za-Isis,600552|Zꜣ-Ꜣs.t,PROPN,PERSN,,data/raw/tla_earlier/tla_earlier.parquet#row=30,seed,,,,,,𓅭𓊨,za-ast,,,,,False
TLA,TLA_EARLIER_031,S031,Earlier Egyptian,hieroglyphic/hieratic,unknown,Earlier Egyptian,𓎛𓅬𓏏 𓎡 𓇋𓂋𓏏 𓎡,htm k rt k,ḥt(m) =k ꞽr.t =k,ḥt(m) =k ꞽr.t =k,Mögest du das dir zugehörige ausstatten.,111590|ḥtm 10110|=k 28500|ꞽr.ꞽ 10110|=k,VERB PRON ADJ PRON,V\tam.act:stpr -2sg.m PREP-adjz:f.sg:stpr -2sg.m,,data/raw/tla_earlier/tla_earlier.parquet#row=31,seed,,,,,,𓎛𓅬𓏏 𓎡 𓇋𓂋𓏏 𓎡,htm k rt k,,,,,False
TLA,TLA_EARLIER_032,S032,Earlier Egyptian,hieroglyphic/hieratic,unknown,Earlier Egyptian,𓇉𓄿 𓎢 𓏏𓍔𓄿𓈙𓏴𓈇 𓋴𓌢𓈖 𓋹𓈖𓐍 𓅓 𓋴𓅓𓂝𓆱,ha k tash sndu ankh m sma,ḥꜣ =k tꜣš sn(.DU) ꜥnḫ m smꜥ,ḥꜣ =k tꜣš sn(.DU) ꜥnḫ m smꜥ,"Zurück, der die Brüder trennt, der im Sema-Busch lebt!",100130|ḥꜣ 10110|=k 169660|tꜣš 136230|sn 38530|ꜥnḫ 400007|m 854280|smꜥ,ADP PRON VERB NOUN VERB ADP NOUN,PREP:stpr -2sg.m V\ptcp.act.m.sg N.m:du V\ptcp.act.m.sg PREP N.m,,data/raw/tla_earlier/tla_earlier.parquet#row=32,seed,,,,,,𓇉𓄿 𓎢 𓏏𓍔𓄿𓈙𓏴𓈇 𓋴𓌢𓈖 𓋹𓈖𓐍 𓅓 𓋴𓅓𓂝𓆱,ha k tash sndu ankh m sma,,,,,False
TLA,TLA_EARLIER_033,S033,Earlier Egyptian,hieroglyphic/hieratic,unknown,Earlier Egyptian,𓊨𓁹 𓍹𓃹𓈖𓇋𓋴𓍺 𓇋𓃀𓄿,wsr wns ba,(w)sꞽr wnꞽs ꞽbꜣ,(w)sꞽr wnꞽs ꞽbꜣ,"Osiris Unas, tanze!",49461|Wsꞽr 800001|Wnꞽs 23520|ꞽbꜣ,NOUN PROPN VERB,TITL ROYLN V\imp.sg,,data/raw/tla_earlier/tla_earlier.parquet#row=33,seed,,,,,,𓊨𓁹 𓍹𓃹𓈖𓇋𓋴𓍺 𓇋𓃀𓄿,wsr wns ba,,,,,False
TLA,TLA_EARLIER_034,S034,Earlier Egyptian,hieroglyphic/hieratic,unknown,Earlier Egyptian,𓉺𓏌𓊖 𓅓 𓍹𓃹𓈖𓇋𓋴𓍺 𓊹𓅆 𓉺𓏌𓊖 𓎡 𓅓 𓍹𓃹𓈖𓇋𓋴𓍺 𓊹𓅆,wnw m wns ntjr wnw k m wns ntjr,ꞽwn.w(ꞽ) m wnꞽs nṯr ꞽwn.w(ꞽ) =k m wnꞽs nṯr,ꞽwn.w(ꞽ) m wnꞽs nṯr ꞽwn.w(ꞽ) =k m wnꞽs nṯr,"Ein Heliopolitaner steckt in Unas, (o) Gott, dein Heliopolitaner steckt in Unas, (o) Gott;",22890|ꞽwn.wꞽ 500292|m 800001|Wnꞽs 90260|nṯr 22890|ꞽwn.wꞽ 10110|=k 500292|m 800001|Wnꞽs 90260|nṯr,NOUN ADP PROPN NOUN NOUN PRON ADP PROPN NOUN,N.m PREP ROYLN N.m N.m:stpr -2sg.m PREP ROYLN N.m,,data/raw/tla_earlier/tla_earlier.parquet#row=34,seed,,,,,,𓉺𓏌𓊖 𓅓 𓍹𓃹𓈖𓇋𓋴𓍺 𓊹𓅆 𓉺𓏌𓊖 𓎡 𓅓 𓍹𓃹𓈖𓇋𓋴𓍺 𓊹𓅆,wnw m wns ntjr wnw k m wns ntjr,,,,,False
TLA,TLA_EARLIER_035,S035,Earlier Egyptian,hieroglyphic/hieratic,unknown,Earlier Egyptian,𓂋𓂞𓈖 𓆄𓅱𓀭 𓅾 𓆑 𓈎𓌳𓌙𓏛𓈖 𓏏𓆑𓈖𓏏𓁐 𓄆𓏏𓏥 𓆑,rdin shw sndj f qman tfnt shfytpl f,rdi̯.n šw snḏ =f qmꜣ.n tfn.t šf(.y)t.PL =f,rdi̯.n šw snḏ =f qmꜣ.n tfn.t šf(.y)t.PL =f,"dessen Furchtbarkeit Schu gegeben hat, dessen Würde Tefnut geschaffen hat,",96700|rḏi̯ 152710|Šw 138740|snḏ 10050|=f 160570|qmꜣ 171880|Tfn.t 154080|šf.yt 10050|=f,VERB PROPN NOUN PRON VERB PROPN NOUN PRON,V\rel.m.sg-ant DIVN N.m:stpr -3sg.m V\rel.m.sg-ant DIVN N.f:stpr -3sg.m,,data/raw/tla_earlier/tla_earlier.parquet#row=35,seed,,,,,,𓂋𓂞𓈖 𓆄𓅱𓀭 𓅾 𓆑 𓈎𓌳𓌙𓏛𓈖 𓏏𓆑𓈖𓏏𓁐 𓄆𓏏𓏥 𓆑,rdin shw sndj f qman tfnt shfytpl f,,,,,False
TLA,TLA_EARLIER_036,S036,Earlier Egyptian,hieroglyphic/hieratic,unknown,Earlier Egyptian,𓅨𓂋 𓅱𓆑𓄿𓅪𓀁 𓇋𓈖 𓄔𓅓𓇋𓇋𓅱𓀀𓏥,wr wfa n sdjmywpl,wr wfꜣ ꞽn sḏm.yw.PL,wr wfꜣ ꞽn sḏm.yw.PL,Groß ist das Gerede/Stimmengewirr (des Beifalls oder der Ablehnung) seitens der Zuhörer.,47271|wr 45870|wfꜣ 26660|ꞽn 150700|sḏm.yw,ADJ VERB ADP NOUN,ADJ V\inf PREP N,,data/raw/tla_earlier/tla_earlier.parquet#row=36,seed,,,,,,𓅨𓂋 𓅱𓆑𓄿𓅪𓀁 𓇋𓈖 𓄔𓅓𓇋𓇋𓅱𓀀𓏥,wr wfa n sdjmywpl,,,,,False
TLA,TLA_EARLIER_037,S037,Earlier Egyptian,hieroglyphic/hieratic,unknown,Earlier Egyptian,𓁹 𓏏 𓂋 𓏏𓈖𓌙𓅯𓈐 𓇋𓂧𓇋𓇋𓏏𓀔 𓈙𓂋𓏏𓀔,ri t r tn dyt shrt,ꞽri̯ =t r tn(ꞽ) ꞽdy.t šr.t,ꞽri̯ =t r tn(ꞽ) ꞽdy.t šr.t,"""Wohin willst Du machen (= gehen), kleines Mädchen?""",28550|ꞽri̯ 10120|=ṯ 91901|r 175740|ṯnꞽ 33910|ꞽdy.t 600257|šrꞽ,VERB PRON ADP PRON NOUN ADJ,V\tam.act:stpr -2sg.f PREP Q N.f ADJ:f.sg,,data/raw/tla_earlier/tla_earlier.parquet#row=37,seed,,,,,,𓁹 𓏏 𓂋 𓏏𓈖𓌙𓅯𓈐 𓇋𓂧𓇋𓇋𓏏𓀔 𓈙𓂋𓏏𓀔,ri t r tn dyt shrt,,,,,False
TLA,TLA_EARLIER_038,S038,Earlier Egyptian,hieroglyphic/hieratic,unknown,Earlier Egyptian,𓈖𓆱𓐍𓏏,nkht,nḫt,nḫt,Nacht,550087|Nḫt,PROPN,PERSN,,data/raw/tla_earlier/tla_earlier.parquet#row=38,seed,,,,,,𓈖𓆱𓐍𓏏,nkht,,,,,False
TLA,TLA_EARLIER_039,S039,Earlier Egyptian,hieroglyphic/hieratic,unknown,Earlier Egyptian,𓁹 𓊨𓏏 𓎡 𓁷𓂋 𓆑,ri st k hr f,ꞽri̯ s.t =k ḥr =f,ꞽri̯ s.t =k ḥr =f,Nimm Platz auf ihm!,29260|ꞽri̯+(s.t) 125100|s.t 10110|=k 400090|ḥr 10050|=f,VERB NOUN PRON ADP PRON,V\imp.sg N.f:stpr -2sg.m PREP:stpr -3sg.m,,data/raw/tla_earlier/tla_earlier.parquet#row=39,seed,,,,,,𓁹 𓊨𓏏 𓎡 𓁷𓂋 𓆑,ri st k hr f,,,,,False
TLA,TLA_EARLIER_040,S040,Earlier Egyptian,hieroglyphic/hieratic,unknown,Earlier Egyptian,𓇋𓅱 𓇑𓇑 𓌳𓁹𓄿 𓌸𓇋𓇋,w nn maa mry,ꞽw nn mꜣꜣ mr.y,ꞽw nn mꜣꜣ mr.y,Dies ist das Betrachten des Gewünschten.,21881|ꞽw 84570|nn 66270|mꜣꜣ 72470|mri̯,PART PRON VERB VERB,PTCL dem.c V\inf V\ptcp.pass.m.sg,,data/raw/tla_earlier/tla_earlier.parquet#row=40,seed,,,,,,𓇋𓅱 𓇑𓇑 𓌳𓁹𓄿 𓌸𓇋𓇋,w nn maa mry,,,,,False
TLA,TLA_EARLIER_041,S041,Earlier Egyptian,hieroglyphic/hieratic,unknown,Earlier Egyptian,𓈝𓅓𓂻𓎢𓅱𓀀 𓂋 𓃀𓇋𓈞𓄑𓈉 𓈖 𓆊𓆊𓅆,shmkw r ba n t,šm.kw r bꞽꜣ n(.ꞽ) ꞽtꞽ,šm.kw r bꞽꜣ n(.ꞽ) ꞽtꞽ,Zum Bergwerk des Herrschers war ich gezogen.,154340|šmi̯ 91900|r 54510|bꞽꜣ.w 78900|n 32930|ꞽty,VERB ADP NOUN ADJ NOUN,V\res-1sg PREP N gen N.m,,data/raw/tla_earlier/tla_earlier.parquet#row=41,seed,,,,,,𓈝𓅓𓂻𓎢𓅱𓀀 𓂋 𓃀𓇋𓈞𓄑𓈉 𓈖 𓆊𓆊𓅆,shmkw r ba n t,,,,,False
TLA,TLA_EARLIER_042,S042,Earlier Egyptian,hieroglyphic/hieratic,unknown,Earlier Egyptian,𓍿𓈖𓌚𓇋 𓇋𓁹𓃭 𓎡,tjn rw k,ṯnꞽ ꞽr.w =k,ṯnꞽ ꞽr.w =k,Deine Gestalt ist ausgezeichnet.,175750|ṯni̯ 29610|ꞽr.w 10110|=k,VERB NOUN PRON,V\ptcp.act.m.sg N.m:stpr -2sg.m,,data/raw/tla_earlier/tla_earlier.parquet#row=42,seed,,,,,,𓍿𓈖𓌚𓇋 𓇋𓁹𓃭 𓎡,tjn rw k,,,,,False
TLA,TLA_EARLIER_043,S043,Earlier Egyptian,hieroglyphic/hieratic,unknown,Earlier Egyptian,𓂋𓂞 𓂋 𓁹𓁹 𓈖 𓊃𓀀 𓇼𓏏𓏤 𓊗𓏻,rdi r rtdu n z dwat zp-2,rdi̯ r ꞽr.t.DU n(.ꞽ) z dwꜣ.t zp-2,rdi̯ r ꞽr.t.DU n(.ꞽ) z dwꜣ.t zp-2,(Es) werde am frühen Morgen an beide Augen des Mannes gegeben.,96700|rḏi̯ 91901|r 28250|ꞽr.t 79800|n.ꞽ 125010|z 400078|dwꜣ.w 70011|zp-2,VERB ADP NOUN ADJ NOUN ADV NOUN,V\tam.pass PREP N.f:du PREP-adjz:f.du N.m ADV N,,data/raw/tla_earlier/tla_earlier.parquet#row=43,seed,,,,,,𓂋𓂞 𓂋 𓁹𓁹 𓈖 𓊃𓀀 𓇼𓏏𓏤 𓊗𓏻,rdi r rtdu n z dwat zp-2,,,,,False
TLA,TLA_EARLIER_044,S044,Earlier Egyptian,hieroglyphic/hieratic,unknown,Earlier Egyptian,𓂋𓐍𓏛 𓁷𓏤 𓆓𓂧 𓈖 𓎢,rkh hr djd n k,rḫ ḥr ḏd n =k,rḫ ḥr ḏd n =k,Der Weise sagt zu dir:,95630|rḫ 107529|ḥr 185810|ḏd 400055|n 10110|=k,NOUN ADP VERB ADP PRON,N.m PREP V\inf PREP:stpr -2sg.m,,data/raw/tla_earlier/tla_earlier.parquet#row=44,seed,,,,,,𓂋𓐍𓏛 𓁷𓏤 𓆓𓂧 𓈖 𓎢,rkh hr djd n k,,,,,False
TLA,TLA_EARLIER_045,S045,Earlier Egyptian,hieroglyphic/hieratic,unknown,Earlier Egyptian,𓌉𓅱𓏛𓈖 𓈖 𓆑 𓅬𓃀𓀭 𓃛𓂝𓏏𓏛𓏥 𓆑,wdjn n f gb wawtpl f,wḏ.n n =f gb ꞽwꜥ.wt.PL =f,wḏ.n n =f gb ꞽwꜥ.wt.PL =f,"dem Geb sein Erbe überantwortet hat,",51970|wḏ 400055|n 10050|=f 167010|Gbb 22420|ꞽwꜥ.wt 10050|=f,VERB ADP PRON PROPN NOUN PRON,V\rel.m.sg-ant PREP:stpr -3sg.m DIVN N.f:stpr -3sg.m,,data/raw/tla_earlier/tla_earlier.parquet#row=45,seed,,,,,,𓌉𓅱𓏛𓈖 𓈖 𓆑 𓅬𓃀𓀭 𓃛𓂝𓏏𓏛𓏥 𓆑,wdjn n f gb wawtpl f,,,,,False
TLA,TLA_EARLIER_046,S046,Earlier Egyptian,hieroglyphic/hieratic,unknown,Earlier Egyptian,𓍿𓏌𓏝 𓎡 𓐍𓆼𓄿𓈓 𓊐𓊪 𓎡 𓂝𓏤 𓈖 𓇋𓐍𓅓𓂜𓅱𓋴𓎡𓇼𓇼𓇼,tjnw k khapl shzp k a n khmw-sk,ṯnw =k ḫꜣ.PL šzp =k ꜥ n(.ꞽ) ꞽḫm.w-sk,ṯnw =k ḫꜣ.PL šzp =k ꜥ n(.ꞽ) ꞽḫm.w-sk,Du sollst die $ḫꜣ.w$ zählen und den Arm der Nicht-Untergehenden ergreifen.,175820|ṯnw 10110|=k 113170|ḫꜣ 157160|šzp 10110|=k 34320|ꜥ 79800|n.ꞽ 30890|Ꞽḫm-sk,VERB PRON NOUN VERB PRON NOUN ADJ PROPN,V\tam.act:stpr -2sg.m N.m:pl V\tam.act:stpr -2sg.m N.m PREP-adjz:m.sg N:pl,,data/raw/tla_earlier/tla_earlier.parquet#row=46,seed,,,,,,𓍿𓏌𓏝 𓎡 𓐍𓆼𓄿𓈓 𓊐𓊪 𓎡 𓂝𓏤 𓈖 𓇋𓐍𓅓𓂜𓅱𓋴𓎡𓇼𓇼𓇼,tjnw k khapl shzp k a n khmw-sk,,,,,False
TLA,TLA_EARLIER_047,S047,Earlier Egyptian,hieroglyphic/hieratic,unknown,Earlier Egyptian,𓊵𓏏𓊪 𓍿 𓁷𓂋 𓆑,htp tj hr f,ḥtp =ṯ ḥr =f,ḥtp =ṯ ḥr =f,Mögest du mit ihm zufrieden sein.,111230|ḥtp 10120|=ṯ 400092|ḥr 10050|=f,VERB PRON ADP PRON,V\tam.act:stpr -2sg.f PREP:stpr -3sg.m,,data/raw/tla_earlier/tla_earlier.parquet#row=47,seed,,,,,,𓊵𓏏𓊪 𓍿 𓁷𓂋 𓆑,htp tj hr f,,,,,False
TLA,TLA_EARLIER_048,S048,Earlier Egyptian,hieroglyphic/hieratic,unknown,Earlier Egyptian,𓂜 𓂋𓂝𓈖 𓆑 𓈖 𓏤 𓋴𓏏,n rdjin f n st,n rḏi̯.n =f n =ꞽ st,n rḏi̯.n =f n =ꞽ st,Er gibt es mir (aber) nicht (mehr zurück).,850806|n 96700|rḏi̯ 10050|=f 400055|n 10030|=ꞽ 147350|st,PART VERB PRON ADP PRON PRON,PTCL V\tam.act-ant:stpr -3sg.m PREP:stpr -1sg =3sg.c,,data/raw/tla_earlier/tla_earlier.parquet#row=48,seed,,,,,,𓂜 𓂋𓂝𓈖 𓆑 𓈖 𓏤 𓋴𓏏,n rdjin f n st,,,,,False
TLA,TLA_EARLIER_049,S049,Earlier Egyptian,hieroglyphic/hieratic,unknown,Earlier Egyptian,𓂜𓈖 𓇋𓇩𓊃𓆰𓄣𓏤𓀀 𓂧𓈖𓋴𓍖𓏛 𓊃𓐍𓂋𓏛 𓄡𓏏𓏤,nn s-b dns skhr kht,nn ꞽs-ꞽb dns sḫr ẖ.t,nn ꞽs-ꞽb dns sḫr ẖ.t,"Es gibt keinen Leichtsinnigen, der gewichtig (oder: verschwiegen) in Bezug auf (seine) Absichten ist.",84550|nn 852079|ꞽzꞽ-ꞽb 179910|dns 142800|sḫr 122080|ẖ.t,PART NOUN VERB NOUN NOUN,PTCL N.m V\ptcp.act.m.sg N.m:stc N.f,,data/raw/tla_earlier/tla_earlier.parquet#row=49,seed,,,,,,𓂜𓈖 𓇋𓇩𓊃𓆰𓄣𓏤𓀀 𓂧𓈖𓋴𓍖𓏛 𓊃𓐍𓂋𓏛 𓄡𓏏𓏤,nn s-b dns skhr kht,,,,,False
TLA,TLA_EARLIER_050,S050,Earlier Egyptian,hieroglyphic/hieratic,unknown,Earlier Egyptian,𓏙𓈖 𓈖 𓎡 𓅃,djin n k hrw,ḏi̯.n n =k ḥr.w,ḏi̯.n n =k ḥr.w,Horus hat (es) gegeben.,96700|rḏi̯ 400055|n 10110|=k 107500|Ḥr.w,VERB ADP PRON PROPN,V\tam.act-ant PREP:stpr -2sg.m DIVN,,data/raw/tla_earlier/tla_earlier.parquet#row=50,seed,,,,,,𓏙𓈖 𓈖 𓎡 𓅃,djin n k hrw,,,,,False
TLA,TLA_EARLIER_051,S051,Earlier Egyptian,hieroglyphic/hieratic,unknown,Earlier Egyptian,𓈞𓊃𓀉,hmsi,ḥmsi̯,ḥmsi̯,Setzt euch!,105780|ḥmsi̯,VERB,V\imp.pl,,data/raw/tla_earlier/tla_earlier.parquet#row=51,seed,,,,,,𓈞𓊃𓀉,hmsi,,,,,False
TLA,TLA_EARLIER_052,S052,Earlier Egyptian,hieroglyphic/hieratic,unknown,Earlier Egyptian,𓎛𓂝𓀠 𓇓𓅱 𓅓 𓆷𓄿𓏏𓏛𓈖 𓀀 𓁹𓏏,hai sw m shaitn rit,ḥꜥi̯ sw m šꜣi̯.t.n =ꞽ ꞽri̯.t,ḥꜥi̯ sw m šꜣi̯.t.n =ꞽ ꞽri̯.t,"Er jubelt über das, was ich bestimmt habe zu tun.",102060|ḥꜥi̯ 129490|sw 64366|m 151220|šꜣ 10030|=ꞽ 28550|ꞽri̯,VERB PRON ADP VERB PRON VERB,V\ptcp.act.m.sg =3sg.m PREP V\rel.m.sg-ant:stpr -1sg V\inf,,data/raw/tla_earlier/tla_earlier.parquet#row=52,seed,,,,,,𓎛𓂝𓀠 𓇓𓅱 𓅓 𓆷𓄿𓏏𓏛𓈖 𓀀 𓁹𓏏,hai sw m shaitn rit,,,,,False
TLA,TLA_EARLIER_053,S053,Earlier Egyptian,hieroglyphic/hieratic,unknown,Earlier Egyptian,𓁷𓂋𓋴𓈙𓏏𓍔𓄿𓏝 𓈖 𓌃𓂧𓏏𓏝 𓎟 𓈖𓏏 𓁶𓇖 𓏶𓄣 𓈖 𓎟𓅆 𓆑,hr-sshta n mdwt nbt nt tp-rs m-b n nb f,ḥr.ꞽ-sštꜣ n(.ꞽ) mdw.t nb(.t) n.t tp-rs.ꞽ ꞽm.ꞽ-ꞽb n(.ꞽ) nb =f,ḥr.ꞽ-sštꜣ n(.ꞽ) mdw.t nb(.t) n.t tp-rs.ꞽ ꞽm.ꞽ-ꞽb n(.ꞽ) nb =f,"Der Bewahrer der Geheimnisse jeder Angelegenheit des südlichen Oberägypten, der Liebling seines Herrn,",855739|ḥr.ꞽ-sštꜣ 79800|n.ꞽ 78030|mdw.t 81660|nb 79800|n.ꞽ 400033|tp-rs.ꞽ 25250|ꞽm.ꞽ-ꞽb 79800|n.ꞽ 81650|nb 10050|=f,NOUN ADJ NOUN ADJ ADJ NOUN NOUN ADJ NOUN PRON,N.m PREP-adjz:m.sg N.f ADJ PREP-adjz:m.sg N N.m PREP-adjz:m.sg N.m -3sg.m,,data/raw/tla_earlier/tla_earlier.parquet#row=53,seed,,,,,,𓁷𓂋𓋴𓈙𓏏𓍔𓄿𓏝 𓈖 𓌃𓂧𓏏𓏝 𓎟 𓈖𓏏 𓁶𓇖 𓏶𓄣 𓈖 𓎟𓅆 𓆑,hr-sshta n mdwt nbt nt tp-rs m-b n nb f,,,,,False
TLA,TLA_EARLIER_054,S054,Earlier Egyptian,hieroglyphic/hieratic,unknown,Earlier Egyptian,𓆼 𓅿𓏤 <g>F81</g>,kha apd ma-hdj,ḫꜣ ꜣpd mꜣ(-ḥḏ),ḫꜣ ꜣpd mꜣ(-ḥḏ),Tausend an Geflügel und (weißen) Säbelantilopen.,113110|ḫꜣ 107|ꜣpd 66260|mꜣ-ḥḏ,NOUN NOUN NOUN,N.m N.m N.m,,data/raw/tla_earlier/tla_earlier.parquet#row=54,seed,,,,,,𓆼 𓅿𓏤 <g>F81</g>,kha apd ma-hdj,,,,,False
TLA,TLA_EARLIER_055,S055,Earlier Egyptian,hieroglyphic/hieratic,unknown,Earlier Egyptian,𓉔𓄿 𓈖𓏏𓋌 𓊪𓅱,ha nt pw,hꜣ n(ꞽ).t pw,hꜣ n(ꞽ).t pw,O Neith!,97240|hꜣ 702960|Nꞽ.t 59740|pw,INTJ PROPN PRON,INTJ PERSN dem.m.sg,,data/raw/tla_earlier/tla_earlier.parquet#row=55,seed,,,,,,𓉔𓄿 𓈖𓏏𓋌 𓊪𓅱,ha nt pw,,,,,False
TLA,TLA_EARLIER_056,S056,Earlier Egyptian,hieroglyphic/hieratic,unknown,Earlier Egyptian,𓄤𓉐𓇋<g>(unidentified)</g>𓉐𓉐𓏏,pri-nfrt,pri̯-nfr.t,pri̯-nfr.t,Peri-neferet,701535|Pri̯-nfr.t,PROPN,PERSN,,data/raw/tla_earlier/tla_earlier.parquet#row=56,seed,,,,,,𓄤𓉐𓇋<g>(unidentified)</g>𓉐𓉐𓏏,pri-nfrt,,,,,False
TLA,TLA_EARLIER_057,S057,Earlier Egyptian,hieroglyphic/hieratic,unknown,Earlier Egyptian,𓇉𓄿𓀁 𓂋𓂝𓏏 𓋴𓍓𓄿𓏛 𓀀 𓄣𓏤 𓎢 𓁷𓏤 𓅯𓄿 𓐍𓈖𓅯𓀁 𓈖 𓌃𓂧𓏏𓀁,ha rdjitw swdja b k hr pa khn n mdt,ḥꜣ rḏi̯.t(w) swḏꜣ =ꞽ ꞽb =k ḥr pꜣ ḫn n md.t,ḥꜣ rḏi̯.t(w) swḏꜣ =ꞽ ꞽb =k ḥr pꜣ ḫn n md.t,"""Ach, möge es gestattet werden, daß ich dir eine Mitteilung mache (wörtl.: dein Herz erfreue) über diese Beschwerde einer Angelegenheit (?)!",100160|ḥꜣ 550028|rḏi̯ 130990|swḏꜣ+(ꞽb) 10030|=ꞽ 23290|ꞽb 10110|=k 400092|ḥr 58760|pꜣ 117520|ḫn 79800|n.ꞽ 78030|mdw.t,PART VERB VERB PRON NOUN PRON ADP PRON NOUN ADJ NOUN,PTCL V\tam-pass V\tam.act:stpr -1sg N.m:stpr -2sg.m PREP dem.m.sg N.m PREP-adjz:m.sg N.f,,data/raw/tla_earlier/tla_earlier.parquet#row=57,seed,,,,,,𓇉𓄿𓀁 𓂋𓂝𓏏 𓋴𓍓𓄿𓏛 𓀀 𓄣𓏤 𓎢 𓁷𓏤 𓅯𓄿 𓐍𓈖𓅯𓀁 𓈖 𓌃𓂧𓏏𓀁,ha rdjitw swdja b k hr pa khn n mdt,,,,,False
TLA,TLA_EARLIER_058,S058,Earlier Egyptian,hieroglyphic/hieratic,unknown,Earlier Egyptian,<g>M134</g>𓈖 𓇉,nhbw mhw,nḥb.w mḥ.w,nḥb.w mḥ.w,Abgabe Unterägyptens,86260|nḥb.w 73940|Mḥ.w,NOUN PROPN,N.m:stc TOPN,,data/raw/tla_earlier/tla_earlier.parquet#row=58,seed,,,,,,<g>M134</g>𓈖 𓇉,nhbw mhw,,,,,False
TLA,TLA_EARLIER_059,S059,Earlier Egyptian,hieroglyphic/hieratic,unknown,Earlier Egyptian,𓂜 𓈖𓉔𓊪 𓆑 𓂜 𓈖𓉔𓊪 𓍹𓃹𓈖𓇋𓋴𓍺 𓊪𓈖,n nhp f n nhp wns pn,n nhp =f n nhp wnꞽs pn,n nhp =f n nhp wnꞽs pn,Er wird nicht lebensvoll sein und dieser Unas wird nicht lebensvoll sein.,78890|n 85430|nhp 10050|=f 78890|n 85430|nhp 800001|Wnꞽs 59920|pn,PART VERB PRON PART VERB PROPN PRON,PTCL V\tam.act:stpr -3sg.m PTCL V\tam.act:stpr ROYLN dem.m.sg,,data/raw/tla_earlier/tla_earlier.parquet#row=59,seed,,,,,,𓂜 𓈖𓉔𓊪 𓆑 𓂜 𓈖𓉔𓊪 𓍹𓃹𓈖𓇋𓋴𓍺 𓊪𓈖,n nhp f n nhp wns pn,,,,,False
TLA,TLA_EARLIER_060,S060,Earlier Egyptian,hieroglyphic/hieratic,unknown,Earlier Egyptian,𓇋𓋴𓏏 𓅨𓂋𓈙𓇳 𓍛𓏤 𓈖 𓇓𓆤 𓍹𓐍𓆑𓏲𓍺 𓌳𓐙𓂝𓊤𓏲𓀁 𓁷𓏤 𓎛𓎛𓏭𓂻 𓈖 𓆑 𓈖𓄿 𓈖 𓇋𓊪𓏏𓊒𓉐𓏫 𓈖𓏏 𓃹𓈖𓏏𓉐 𓈖𓏏 𓅝𓏏𓏭𓅆 𓂋 𓁹𓏏 𓈖 𓆑 𓏇𓏏𓏏𓏛 𓇋𓂋𓏭 𓂜 𓈌𓏏𓉐 𓆑,st wrshu hm n nswt-bt khwfw maa-khrw hr hh n f na n ptpl nt wnt nt djhwt r rit n f mtt r n akht f,ꞽst wršu̯ ḥm n(.ꞽ) nswt-bꞽ.tꞽ ḫ(w)fw mꜣꜥ-ḫrw ḥr ḥḥꞽ n =f nꜣ n(.ꞽ) ꞽp.t.PL n.t wn.t n.t ḏḥwtꞽ r ꞽri̯.t n =f mꞽ.tt ꞽr.ꞽ n ꜣḫ.t =f,ꞽst wršu̯ ḥm n(.ꞽ) nswt-bꞽ.tꞽ ḫ(w)fw mꜣꜥ-ḫrw ḥr ḥḥꞽ n =f nꜣ n(.ꞽ) ꞽp.t.PL n.t wn.t n.t ḏḥwtꞽ r ꞽri̯.t n =f mꞽ.tt ꞽr.ꞽ n ꜣḫ.t =f,"- Nun, die Majestät des Königs von Ober- und Unterägypten 𓍹Cheops𓍺, gerechtfertigt, pflegte Zeit damit zu verbringen, 
zu suchen für sich die Iput-Kammern des $Wn.t$-Heiligtums des Thot, um für sich ein damit Vergleichbares für seinen Horizont zu machen. -",31830|ꞽsṯ 852476|wršu̯ 104690|ḥm 79800|n.ꞽ 88060|nswt-bꞽ.tꞽ 400277|Ḫwi̯=f-wꞽ 66750|mꜣꜥ-ḫrw 107529|ḥr 101930|ḥꞽḥꞽ 400055|n 10050|=f 79540|nꜣ 79800|n.ꞽ 24130|ꞽp.t 79800|n.ꞽ 46140|wn.t 79800|n.ꞽ 185290|Ḏḥw.tꞽ 91909|r 28550|ꞽri̯ 400055|n 10050|=f 67960|mꞽ.tꞽt 850583|ꞽr.ꞽ 400055|n 232|Ꜣḫ.t 10050|=f,PART VERB NOUN ADJ NOUN PROPN NOUN ADP VERB ADP PRON PRON ADJ NOUN ADJ NOUN ADJ PROPN ADP VERB ADP PRON NOUN ADJ ADP NOUN PRON,PTCL V\tam.act N.m PREP-adjz:m.sg ROYLN ROYLN N.m PREP V\inf PREP:stpr -3sg.m art:pl PREP-adjz:m.sg N.f:pl PREP-adjz:f.pl N.f PREP-adjz:f.sg DIVN PREP V\inf PREP:stpr -3sg.m N.f PREP-adjz:m.sg PREP N.f:stpr -3sg.m,,data/raw/tla_earlier/tla_earlier.parquet#row=60,seed,,,,,,𓇋𓋴𓏏 𓅨𓂋𓈙𓇳 𓍛𓏤 𓈖 𓇓𓆤 𓍹𓐍𓆑𓏲𓍺 𓌳𓐙𓂝𓊤𓏲𓀁 𓁷𓏤 𓎛𓎛𓏭𓂻 𓈖 𓆑 𓈖𓄿 𓈖 𓇋𓊪𓏏𓊒𓉐𓏫 𓈖𓏏 𓃹𓈖𓏏𓉐 𓈖𓏏 𓅝𓏏𓏭𓅆 𓂋 𓁹𓏏 𓈖 𓆑 𓏇𓏏𓏏𓏛 𓇋𓂋𓏭 𓂜 𓈌𓏏𓉐 𓆑,st wrshu hm n nswt-bt khwfw maa-khrw hr hh n f na n ptpl nt wnt nt djhwt r rit n f mtt r n akht f,,,,,False
TLA,TLA_EARLIER_061,S061,Earlier Egyptian,hieroglyphic/hieratic,unknown,Earlier Egyptian,𓂋𓏙𓏏 𓏂,rdjt qbhw,rḏ.t qbḥ(.w),rḏ.t qbḥ(.w),Eine Wasserspende geben.,96700|rḏi̯ 160330|qbḥ.w,VERB NOUN,V\inf N.m,,data/raw/tla_earlier/tla_earlier.parquet#row=61,seed,,,,,,𓂋𓏙𓏏 𓏂,rdjt qbhw,,,,,False
TLA,TLA_EARLIER_062,S062,Earlier Egyptian,hieroglyphic/hieratic,unknown,Earlier Egyptian,𓈖𓐩𓈖 𓍿𓅱 𓊹𓊹𓊹𓊹𓊹𓊹𓊹𓊹𓊹𓉻𓏏,ndjn tjw psdjt-aat,nḏ.n ṯw psḏ.t-ꜥꜣ.t,nḏ.n ṯw psḏ.t-ꜥꜣ.t,Die Große Neunheit hat dich geschützt:,90940|nḏ 174900|ṯw 500407|Psḏ.t-ꜥꜣ.t,VERB PRON PROPN,V\tam.act-ant =2sg.m DIVN,,data/raw/tla_earlier/tla_earlier.parquet#row=62,seed,,,,,,𓈖𓐩𓈖 𓍿𓅱 𓊹𓊹𓊹𓊹𓊹𓊹𓊹𓊹𓊹𓉻𓏏,ndjn tjw psdjt-aat,,,,,False
TLA,TLA_EARLIER_063,S063,Earlier Egyptian,hieroglyphic/hieratic,unknown,Earlier Egyptian,𓅃𓅃 𓍯𓇅𓆓𓇋𓅱,bkdu wadjw,bꞽk.DU wꜣḏ.wꞽ,bꞽk.DU wꜣḏ.wꞽ,Die beiden grünen Falken.,54680|bꞽk 600304|wꜣḏ,NOUN ADJ,N.m:du ADJ:m.du,,data/raw/tla_earlier/tla_earlier.parquet#row=63,seed,,,,,,𓅃𓅃 𓍯𓇅𓆓𓇋𓅱,bkdu wadjw,,,,,False
TLA,TLA_EARLIER_064,S064,Earlier Egyptian,hieroglyphic/hieratic,unknown,Earlier Egyptian,𓉘𓎂𓇉𓎟𓉜 𓊵𓏤 𓆳 𓉐𓇓𓏏 𓏃 𓅨𓎂,hwt-za-ha-nb htp rnpt pr-nzw khnt m-wrt,ḥw.t-zꜣ-ḥꜣ-nb ḥtp rnp.t pr-nzw ḫnt.ꞽ (ꞽm.ꞽ)-wr.(t),ḥw.t-zꜣ-ḥꜣ-nb ḥtp rnp.t pr-nzw ḫnt.ꞽ (ꞽm.ꞽ)-wr.(t),"Domäne Hut-sa-ha-neb, Jahresopfer, Königshaus, Krugmagazin, Imi-weret-Phyle",883148|Ḥw.t-Zꜣ-ḥꜣ-nb 854532|ḥtp 94920|rnp.t 400419|pr-nswt 882050|ḫnt.ꞽ 25360|ꞽm.ꞽ-wr.t,PROPN NOUN NOUN NOUN NOUN NOUN,TOPN N.m:stc N.f N.m N.m N.m,,data/raw/tla_earlier/tla_earlier.parquet#row=64,seed,,,,,,𓉘𓎂𓇉𓎟𓉜 𓊵𓏤 𓆳 𓉐𓇓𓏏 𓏃 𓅨𓎂,hwt-za-ha-nb htp rnpt pr-nzw khnt m-wrt,,,,,False
TLA,TLA_EARLIER_065,S065,Earlier Egyptian,hieroglyphic/hieratic,unknown,Earlier Egyptian,𓇋𓌳𓄪𓐍𓅱𓏏𓐍𓂋𓊹𓉻 𓇓𓏏𓂋𓐍𓏏 𓇋𓊪𓇋,makhwt-khr-ntjr-aa rt-kht-nswt p,ꞽmꜣḫ.wt-ḫr-nṯr-ꜥꜣ (ꞽ)r(.ꞽt-ꞽ)ḫ.t-nswt ꞽpꞽ,ꞽmꜣḫ.wt-ḫr-nṯr-ꜥꜣ (ꞽ)r(.ꞽt-ꞽ)ḫ.t-nswt ꞽpꞽ,Die Versorgte bei dem großen Gott und Verwalterin des Königsvermögens Jpi.,850381|ꞽmꜣḫ.wt-ḫr-nṯr-ꜥꜣ 95750|ꞽr.ꞽt-ꞽḫ.t-nswt 450044|Ꞽpꞽ,NOUN NOUN PROPN,TITL TITL PERSN,,data/raw/tla_earlier/tla_earlier.parquet#row=65,seed,,,,,,𓇋𓌳𓄪𓐍𓅱𓏏𓐍𓂋𓊹𓉻 𓇓𓏏𓂋𓐍𓏏 𓇋𓊪𓇋,makhwt-khr-ntjr-aa rt-kht-nswt p,,,,,False
TLA,TLA_EARLIER_066,S066,Earlier Egyptian,hieroglyphic/hieratic,unknown,Earlier Egyptian,𓊚 𓎕 𓇠𓇣,shnwt t-mh bdt,šnw.t ꞽt-mḥ(.ꞽ) bd.t,šnw.t ꞽt-mḥ(.ꞽ) bd.t,Ein Kornspeicher der unterägyptischen Gerste und Emmer.,155970|šnw.t 550096|ꞽt-mḥ.ꞽ 58430|bd.t,NOUN NOUN NOUN,N.f N N.f,,data/raw/tla_earlier/tla_earlier.parquet#row=66,seed,,,,,,𓊚 𓎕 𓇠𓇣,shnwt t-mh bdt,,,,,False
TLA,TLA_EARLIER_067,S067,Earlier Egyptian,hieroglyphic/hieratic,unknown,Earlier Egyptian,𓌡𓏤𓂝 𓍊𓏛 𓂜 𓆑𓐍𓍼𓈖 𓀋𓏏𓏛𓏥 𓆑,wa mnkh n fkhn kat f,wꜥ mnḫ n fḫ.n kꜣ.t =f,wꜥ mnḫ n fḫ.n kꜣ.t =f,"einer, der einzigartig vorzüglich ist - seine Arbeit löst sich nicht (in nichts) auf -;",400101|wꜥ 71080|mnḫ 850806|n 63970|fḫ 163010|kꜣ.t 10050|=f,NOUN VERB PART VERB NOUN PRON,N.m V\ptcp.act.m.sg PTCL V\tam.act-ant N.f:stpr -3sg.m,,data/raw/tla_earlier/tla_earlier.parquet#row=67,seed,,,,,,𓌡𓏤𓂝 𓍊𓏛 𓂜 𓆑𓐍𓍼𓈖 𓀋𓏏𓏛𓏥 𓆑,wa mnkh n fkhn kat f,,,,,False
TLA,TLA_EARLIER_068,S068,Earlier Egyptian,hieroglyphic/hieratic,unknown,Earlier Egyptian,𓅱𓈙𓃀𓏴𓅱𓀁 𓌃𓂧𓏏𓀁 𓏇𓇋 𓆣𓂋𓏏 𓇋𓅓 𓋴,wshbw mdwt m khprt m s,wšb.w md(w).t mꞽ ḫpr.t ꞽm =s,wšb.w md(w).t mꞽ ḫpr.t ꞽm =s,"Einer, der die Rede beantwortet entsprechend dem, was in ihr vorgekommen ist.",50340|wšb 78030|mdw.t 67820|mꞽ 116230|ḫpr 400007|m 10090|=s,VERB NOUN ADP VERB ADP PRON,V\ptcp.act.m.sg N.f PREP V\ptcp.act.f.sg PREP:stpr -3sg.f,,data/raw/tla_earlier/tla_earlier.parquet#row=68,seed,,,,,,𓅱𓈙𓃀𓏴𓅱𓀁 𓌃𓂧𓏏𓀁 𓏇𓇋 𓆣𓂋𓏏 𓇋𓅓 𓋴,wshbw mdwt m khprt m s,,,,,False
TLA,TLA_EARLIER_069,S069,Earlier Egyptian,hieroglyphic/hieratic,unknown,Earlier Egyptian,𓉐𓊤 𓏐 𓏊 𓃾 𓅿 𓍱 𓋲 𓐍𓏏 𓎟 𓄤 𓃂 𓉐𓂋𓏏 𓅓𓂸𓏤 𓊹𓉼 𓈖 𓂓 𓈖 𓇋𓄪𓐍𓇋𓇋 𓀹𓂝𓏏𓉐 𓍒𓅀𓁸𓀀 𓐙𓊤︂,prt-khrw t hnqt kapl apdpl shs mnkht kht nbt nfrt wabt prit m-bah ntjr-aa n ka n makhy r-at djaa maa-khrw,pr.t-ḫrw tʾ ḥnq.t kꜣ(.PL) ꜣpd(.PL) šs mnḫ.t ḫ.t nb(.t) nfr(.t) wꜥb(.t) pri̯.t m-bꜣḥ nṯr-ꜥꜣ n kꜣ n ꞽmꜣḫ.y ꞽr.ꞽ-ꜥ.t ḏꜣꜣ mꜣꜥ-ḫrw,pr.t-ḫrw tʾ ḥnq.t kꜣ(.PL) ꜣpd(.PL) šs mnḫ.t ḫ.t nb(.t) nfr(.t) wꜥb(.t) pri̯.t m-bꜣḥ nṯr-ꜥꜣ n kꜣ n ꞽmꜣḫ.y ꞽr.ꞽ-ꜥ.t ḏꜣꜣ mꜣꜥ-ḫrw,"Ein Totenopfer (aus) Brot, Bier, Rindern, Geflügel, Alabaster, Leinen und jeder schönen und reinen Sache, die vor dem großen Gott herausgekommen ist, für den Ka des Versorgten, des Kämmerers, Djaa, des Gerechtfertigten.",850238|pr.t-ḫrw 168810|tʾ 110300|ḥnq.t 162930|kꜣ 107|ꜣpd 156950|šs 71170|mnḫ.t 30750|ꞽḫ.t 81660|nb 550034|nfr 400114|wꜥb 60920|pri̯ 64750|m-bꜣḥ 90360|nṯr-ꜥꜣ 400055|n 162870|kꜣ 79800|n.ꞽ 25090|ꞽmꜣḫ.w 28720|ꞽr.ꞽ-ꜥ.t 709630|Ḏꜣꜣ 66750|mꜣꜥ-ḫrw,NOUN NOUN NOUN NOUN NOUN NOUN NOUN NOUN ADJ ADJ ADJ VERB ADP NOUN ADP NOUN ADJ NOUN NOUN PROPN NOUN,N.f N.m N.f N.m:pl N.m:pl N.m N.f N.f ADJ:f.sg ADJ:f.sg ADJ:f.sg V\ptcp.act.f.sg PREP DIVN PREP N.m PREP-adjz:m.sg N.m TITL PERSN N.m,,data/raw/tla_earlier/tla_earlier.parquet#row=69,seed,,,,,,𓉐𓊤 𓏐 𓏊 𓃾 𓅿 𓍱 𓋲 𓐍𓏏 𓎟 𓄤 𓃂 𓉐𓂋𓏏 𓅓𓂸𓏤 𓊹𓉼 𓈖 𓂓 𓈖 𓇋𓄪𓐍𓇋𓇋 𓀹𓂝𓏏𓉐 𓍒𓅀𓁸𓀀 𓐙𓊤︂,prt-khrw t hnqt kapl apdpl shs mnkht kht nbt nfrt wabt prit m-bah ntjr-aa n ka n makhy r-at djaa maa-khrw,,,,,False
TLA,TLA_EARLIER_070,S070,Earlier Egyptian,hieroglyphic/hieratic,unknown,Earlier Egyptian,𓅭𓏏 𓆑 𓉡𓄤𓐍𓅱,zat f nfr-khw-hwt-hrw,zꜣ.t =f nfr-ḫw-ḥw.t-ḥr.w,zꜣ.t =f nfr-ḫw-ḥw.t-ḥr.w,Seine Tochter Nefer-chu-Hathor.,125630|zꜣ.t 10050|=f 710178|Nfr-ḫw-Ḥw.t-Ḥr.w,NOUN PRON PROPN,N.f:stpr -3sg.m PERSN,,data/raw/tla_earlier/tla_earlier.parquet#row=70,seed,,,,,,𓅭𓏏 𓆑 𓉡𓄤𓐍𓅱,zat f nfr-khw-hwt-hrw,,,,,False
TLA,TLA_EARLIER_071,S071,Earlier Egyptian,hieroglyphic/hieratic,unknown,Earlier Egyptian,𓂖 𓈎𓂋,hm-ka qr,ḥm-kꜣ qr,ḥm-kꜣ qr,Der Totenpriester Qer.,104990|ḥm-kꜣ 707549|Qr,NOUN PROPN,TITL PERSN,,data/raw/tla_earlier/tla_earlier.parquet#row=71,seed,,,,,,𓂖 𓈎𓂋,hm-ka qr,,,,,False
TLA,TLA_EARLIER_072,S072,Earlier Egyptian,hieroglyphic/hieratic,unknown,Earlier Egyptian,𓊪𓏏𓂋𓆴 𓋴𓏏,ptr st,ptr st,ptr st,„Was ist es?,500027|pw-tr 147350|st,PRON PRON,Q =3sg.c,,data/raw/tla_earlier/tla_earlier.parquet#row=72,seed,,,,,,𓊪𓏏𓂋𓆴 𓋴𓏏,ptr st,,,,,False
TLA,TLA_EARLIER_073,S073,Earlier Egyptian,hieroglyphic/hieratic,unknown,Earlier Egyptian,𓇋𓅱 𓄣𓏤 𓆑 𓊵𓏏𓊪𓅱𓏛,w b f htpw,ꞽw ꞽb =f ḥtp.w,ꞽw ꞽb =f ḥtp.w,Sein Herz ist (so) zufriedengestellt.,21881|ꞽw 23290|ꞽb 10050|=f 111230|ḥtp,PART NOUN PRON VERB,PTCL N.m:stpr -3sg.m V\res-3sg.m,,data/raw/tla_earlier/tla_earlier.parquet#row=73,seed,,,,,,𓇋𓅱 𓄣𓏤 𓆑 𓊵𓏏𓊪𓅱𓏛,w b f htpw,,,,,False
TLA,TLA_EARLIER_074,S074,Earlier Egyptian,hieroglyphic/hieratic,unknown,Earlier Egyptian,𓈖𓉔𓊪 𓆑 𓈖𓉔𓊪 𓍹𓃹𓈖𓇋𓋴𓍺 𓊪𓈖,nhp f nhp wns pn,nhp =f nhp wnꞽs pn,nhp =f nhp wnꞽs pn,"Ist er lebensvoll, ist dieser Unas lebensvoll.",85430|nhp 10050|=f 85430|nhp 800001|Wnꞽs 59920|pn,VERB PRON VERB PROPN PRON,V\tam.act:stpr -3sg.m V\tam.act ROYLN dem.m.sg,,data/raw/tla_earlier/tla_earlier.parquet#row=74,seed,,,,,,𓈖𓉔𓊪 𓆑 𓈖𓉔𓊪 𓍹𓃹𓈖𓇋𓋴𓍺 𓊪𓈖,nhp f nhp wns pn,,,,,False
TLA,TLA_EARLIER_075,S075,Earlier Egyptian,hieroglyphic/hieratic,unknown,Earlier Egyptian,𓆴𓂋 𓎡 𓂋 𓊪𓏏𓇯 𓆴𓂋 𓎡 𓂋 𓇿,tr k r pt tr k r ta,tr =k r p.t tr =k r tꜣ,tr =k r p.t tr =k r tꜣ,"Deine Zeit ist am Himmel, deine Zeit ist auf der Erde.",172700|tr 10110|=k 91901|r 58710|p.t 172700|tr 10110|=k 91901|r 168860|tꜣ,NOUN PRON ADP NOUN NOUN PRON ADP NOUN,N.m:stpr -2sg.m PREP N.f N.m:stpr -2sg.m PREP N.m,,data/raw/tla_earlier/tla_earlier.parquet#row=75,seed,,,,,,𓆴𓂋 𓎡 𓂋 𓊪𓏏𓇯 𓆴𓂋 𓎡 𓂋 𓇿,tr k r pt tr k r ta,,,,,False
TLA,TLA_EARLIER_076,S076,Earlier Egyptian,hieroglyphic/hieratic,unknown,Earlier Egyptian,𓆓𓌃,djd-mdw,ḏ(d)-mdw,ḏ(d)-mdw,Worte sprechen:,186050|ḏd-mdw,VERB,V,,data/raw/tla_earlier/tla_earlier.parquet#row=76,seed,,,,,,𓆓𓌃,djd-mdw,,,,,False
TLA,TLA_EARLIER_077,S077,Earlier Egyptian,hieroglyphic/hieratic,unknown,Earlier Egyptian,𓇋𓏲 𓂝𓍯𓄿𓀜 𓎢,w awai k,ꞽw ꜥwꜣi̯ =k,ꞽw ꜥwꜣi̯ =k,Du raubst;,851515|ꞽw 35980|ꜥwꜣi̯ 10110|=k,PART VERB PRON,PTCL V\tam.act:stpr -2sg.m,,data/raw/tla_earlier/tla_earlier.parquet#row=77,seed,,,,,,𓇋𓏲 𓂝𓍯𓄿𓀜 𓎢,w awai k,,,,,False
TLA,TLA_EARLIER_078,S078,Earlier Egyptian,hieroglyphic/hieratic,unknown,Earlier Egyptian,𓌂𓇩 𓎡𓇋𓇋,khrp-zt kay,ḫrp-ꞽz(.t) k(ꜣ)y,ḫrp-ꞽz(.t) k(ꜣ)y,Der Leiter der Arbeitermannschaft,450426|ḫrp-ꞽz.t 550213|Kꜣy,NOUN PROPN,TITL PERSN,,data/raw/tla_earlier/tla_earlier.parquet#row=78,seed,,,,,,𓌂𓇩 𓎡𓇋𓇋,khrp-zt kay,,,,,False
TLA,TLA_EARLIER_079,S079,Earlier Egyptian,hieroglyphic/hieratic,unknown,Earlier Egyptian,𓉔𓄿 𓊨𓁹 𓍹𓊪𓊪𓇋𓇋𓍺,ha wsrw ppy,hꜣ (w)sr(.w) ppy,hꜣ (w)sr(.w) ppy,O Osiris Pepi!,97240|hꜣ 49461|Wsꞽr 400313|Ppy,INTJ NOUN PROPN,INTJ TITL ROYLN,,data/raw/tla_earlier/tla_earlier.parquet#row=79,seed,,,,,,𓉔𓄿 𓊨𓁹 𓍹𓊪𓊪𓇋𓇋𓍺,ha wsrw ppy,,,,,False
TLA,TLA_EARLIER_080,S080,Earlier Egyptian,hieroglyphic/hieratic,unknown,Earlier Egyptian,𓋴<g>T140</g>𓅓 𓍹𓃹𓈖𓇋𓋴𓍺 𓊹𓅆,sshmi wns ntjr,sšmi̯ wnꞽs nṯr,sšmi̯ wnꞽs nṯr,Unas geleitet den Gott;,144980|sšmi̯ 800001|Wnꞽs 90260|nṯr,VERB PROPN NOUN,V\tam.act ROYLN N.m,,data/raw/tla_earlier/tla_earlier.parquet#row=80,seed,,,,,,𓋴<g>T140</g>𓅓 𓍹𓃹𓈖𓇋𓋴𓍺 𓊹𓅆,sshmi wns ntjr,,,,,False
TLA,TLA_EARLIER_081,S081,Earlier Egyptian,hieroglyphic/hieratic,unknown,Earlier Egyptian,𓎡𓂋𓄊𓋴,wsr-ka,wsr-kꜣ,wsr-kꜣ,User-ka.,711759|Wsr-kꜣ,PROPN,PERSN,,data/raw/tla_earlier/tla_earlier.parquet#row=81,seed,,,,,,𓎡𓂋𓄊𓋴,wsr-ka,,,,,False
TLA,TLA_EARLIER_082,S082,Earlier Egyptian,hieroglyphic/hieratic,unknown,Earlier Egyptian,𓊵𓏙 𓇓𓏏 𓊵𓏙 𓃢 𓏃𓊹𓉱,htp-dji nswt htp-dji npw khnt-zh-ntjr,ḥtp-ḏi̯ nswt ḥtp-ḏi̯ ꞽnp.w ḫnt.ꞽ-zḥ-nṯr,ḥtp-ḏi̯ nswt ḥtp-ḏi̯ ꞽnp.w ḫnt.ꞽ-zḥ-nṯr,"Ein Opfer, das der König gibt, ein Opfer, das Anubis, der vor der Gotteshalle ist, gibt:",400156|m-ḫt 88040|nswt 400156|m-ḫt 27360|Ꞽnp.w 119260|ḫnt.ꞽ-zḥ-nṯr,NOUN NOUN NOUN PROPN NOUN,(undefined) N (undefined) DIVN DIVN,,data/raw/tla_earlier/tla_earlier.parquet#row=82,seed,,,,,,𓊵𓏙 𓇓𓏏 𓊵𓏙 𓃢 𓏃𓊹𓉱,htp-dji nswt htp-dji npw khnt-zh-ntjr,,,,,False
TLA,TLA_EARLIER_083,S083,Earlier Egyptian,hieroglyphic/hieratic,unknown,Earlier Egyptian,𓇓𓏏𓈖𓀆 𓁷𓂋𓋴𓈙𓏏𓍔 𓅓𓎡𓋴𓊨,wab-nswt hr-sshta m-st-ka,wꜥb-nswt ḥr.ꞽ-sštꜣ (ꞽ)m(.ꞽ)-s.t-kꜣ(=ꞽ),wꜥb-nswt ḥr.ꞽ-sštꜣ (ꞽ)m(.ꞽ)-s.t-kꜣ(=ꞽ),Der Wab-Priester des Königs und Hüter des Geheimnisses Imi-set-kai.,44590|wꜥb-nswt 108830|ḥr.ꞽ-sštꜣ 853621|Ꞽm.ꞽ-s.t-kꜣ=ꞽ,NOUN NOUN PROPN,TITL TITL PERSN,,data/raw/tla_earlier/tla_earlier.parquet#row=83,seed,,,,,,𓇓𓏏𓈖𓀆 𓁷𓂋𓋴𓈙𓏏𓍔 𓅓𓎡𓋴𓊨,wab-nswt hr-sshta m-st-ka,,,,,False
TLA,TLA_EARLIER_084,S084,Earlier Egyptian,hieroglyphic/hieratic,unknown,Earlier Egyptian,𓅨𓂋𓈙 𓍹𓃹𓈖𓇋𓋴𓍺 𓋴𓇦𓂋 𓆑 𓋴𓊵𓏏𓊪 𓆑 𓍈𓏤𓍈𓏤 𓅓 𓃹𓅱𓏌𓊖,wrshu wns sdjr f shtp f nwtdu m wnw,wršu̯ wnꞽs sḏr =f sḥtp =f nw(.t).DU m wnw,wršu̯ wnꞽs sḏr =f sḥtp =f nw(.t).DU m wnw,"Unas verbringt Tag und Nacht, indem er die beiden 'Dechsel' (d.h. Horus und Seth) in Hermopolis beschwichtigt.",48130|wršu̯ 800001|Wnꞽs 150740|sḏr 10050|=f 141120|sḥtp 10050|=f 80970|nw.t 400007|m 46390|Wnw,VERB PROPN VERB PRON VERB PRON NOUN ADP PROPN,V\tam.act ROYLN V\tam.act:stpr -3sg.m V\tam.act:stpr -3sg.m N.f:du PREP TOPN,,data/raw/tla_earlier/tla_earlier.parquet#row=84,seed,,,,,,𓅨𓂋𓈙 𓍹𓃹𓈖𓇋𓋴𓍺 𓋴𓇦𓂋 𓆑 𓋴𓊵𓏏𓊪 𓆑 𓍈𓏤𓍈𓏤 𓅓 𓃹𓅱𓏌𓊖,wrshu wns sdjr f shtp f nwtdu m wnw,,,,,False
TLA,TLA_EARLIER_085,S085,Earlier Egyptian,hieroglyphic/hieratic,unknown,Earlier Egyptian,𓎁 𓆑 𓂋 𓂋𓏤 𓆑,tji f r r f,ꞽṯi̯ =f r rʾ =f,ꞽṯi̯ =f r rʾ =f,Er soll zu seinem Mund führen.,33560|ꞽṯi̯ 10050|=f 91901|r 92560|rʾ 10050|=f,VERB PRON ADP NOUN PRON,V\tam.act:stpr -3sg.m PREP N.m:stpr -3sg.m,,data/raw/tla_earlier/tla_earlier.parquet#row=85,seed,,,,,,𓎁 𓆑 𓂋 𓂋𓏤 𓆑,tji f r r f,,,,,False
TLA,TLA_EARLIER_086,S086,Earlier Egyptian,hieroglyphic/hieratic,unknown,Earlier Egyptian,𓇓𓏏𓂋𓐍 𓇋𓌳𓄪𓐍𓏏𓐍𓂋𓊹𓉻 𓊵𓊪𓁷𓂋𓋴,rt-kht-nswt makhwt-khr-ntjr-aa htp-hrs,(ꞽ)r(.ꞽt-ꞽ)ḫ(.t)-nswt ꞽmꜣḫ.wt-ḫr-nṯr-ꜥꜣ ḥtp-ḥr=s,(ꞽ)r(.ꞽt-ꞽ)ḫ(.t)-nswt ꞽmꜣḫ.wt-ḫr-nṯr-ꜥꜣ ḥtp-ḥr=s,Die Verwalterin des Königsvermögens und Versorgte bei dem großen Gott Hetep-heres.,95750|ꞽr.ꞽt-ꞽḫ.t-nswt 850381|ꞽmꜣḫ.wt-ḫr-nṯr-ꜥꜣ 705292|Ḥtp-ḥr=s,NOUN NOUN PROPN,TITL TITL PERSN,,data/raw/tla_earlier/tla_earlier.parquet#row=86,seed,,,,,,𓇓𓏏𓂋𓐍 𓇋𓌳𓄪𓐍𓏏𓐍𓂋𓊹𓉻 𓊵𓊪𓁷𓂋𓋴,rt-kht-nswt makhwt-khr-ntjr-aa htp-hrs,,,,,False
TLA,TLA_EARLIER_087,S087,Earlier Egyptian,hieroglyphic/hieratic,unknown,Earlier Egyptian,𓏎𓈖𓏏 𓂋𓅓𓇋𓇋𓏏𓁹 𓊪𓏲 𓅓 𓋴𓇋𓆛𓈖𓂧𓅪 𓊃𓀀𓏤,nit rmyt pw m snd z,ꞽni̯.t rm.yt pw m sꞽnd z,ꞽni̯.t rm.yt pw m sꞽnd z,"Sie bedeutet, Tränen herbeizuführen, dadurch, daß man einen Mann/Menschen traurig stimmt (wörtl.: mittels dem Betrüben eines Mannes).",26870|ꞽni̯ 94200|rm.yt 59741|pw 64364|m 128490|sꞽnd 125010|z,VERB NOUN PRON ADP VERB NOUN,V\inf N.f dem PREP V\inf N.m,,data/raw/tla_earlier/tla_earlier.parquet#row=87,seed,,,,,,𓏎𓈖𓏏 𓂋𓅓𓇋𓇋𓏏𓁹 𓊪𓏲 𓅓 𓋴𓇋𓆛𓈖𓂧𓅪 𓊃𓀀𓏤,nit rmyt pw m snd z,,,,,False
TLA,TLA_EARLIER_088,S088,Earlier Egyptian,hieroglyphic/hieratic,unknown,Earlier Egyptian,𓅃 𓉘𓂓𓊂,hrw ka,ḥr.w kꜣ,ḥr.w kꜣ,Horus Ka,400034|Ḥr.w 882902|Kꜣ,NOUN PROPN,ROYLN ROYLN,,data/raw/tla_earlier/tla_earlier.parquet#row=88,seed,,,,,,𓅃 𓉘𓂓𓊂,hrw ka,,,,,False
TLA,TLA_EARLIER_089,S089,Earlier Egyptian,hieroglyphic/hieratic,unknown,Earlier Egyptian,𓇋𓂋 𓂡 𓎢 𓊃𓀀𓏤 𓈖 𓐎𓏤 𓅓 𓎼𓃀𓂣 𓆑 𓅠𓅓𓅓 𓎢 𓎼𓃀𓂣 𓆑 𓂧𓎛𓅪 𓂋 𓆑 𓋴𓐟𓄿𓍘𓇋𓅪 𓂋 𓏻𓏌 𓆑,r khai k z n hsb m gab f gmm k gab f dh r f sat r 2nw f,ꞽr ḫꜣi̯ =k z n(.ꞽ) ḥsb m g(ꜣ)b =f gmm =k g(ꜣ)b =f dḥ r =f sꜣt.ꞽ r 2.nw =f,ꞽr ḫꜣi̯ =k z n(.ꞽ) ḥsb m g(ꜣ)b =f gmm =k g(ꜣ)b =f dḥ r =f sꜣt.ꞽ r 2.nw =f,"(Untersuchung:) Wenn du einen Mann (d.h. Patienten) mit einem $ḥsb$-Bruch an seinem Oberarm untersuchst,
(und) wenn du seinen Oberarm so vorfindest, (dass) er zu niedrig(?) für ihn (den Patienten) ist (oder: von ihm herabhängt/weghängt(? und von seinem Zweiten (d.h. den zweiten Arm oder die zweite Knochenhälfte) absteht (?).",28150|ꞽr 113400|ḫꜣi̯ 10110|=k 125010|z 850788|n.ꞽ 109830|ḥsb 400007|m 166900|gbꜣ 10050|=f 167210|gmi̯ 10110|=k 166900|gbꜣ 10050|=f 180350|dḥ 851659|r 10050|=f 127560|sꜣt 851659|r 550359|sn.nw 10050|=f,ADP VERB PRON NOUN ADJ NOUN ADP NOUN PRON VERB PRON NOUN PRON VERB ADP PRON VERB ADP NOUN PRON,PREP V\tam.act -2sg.m N.m PREP-adjz:m.sg N.m PREP N.m:stpr -3sg.m V~ipfv.act:stpr -2sg.m N.m:stpr -3sg.m V\res-3sg.m PREP:stpr -3sg.m V\res-3sg.m PREP N.m:stpr -3sg.m,,data/raw/tla_earlier/tla_earlier.parquet#row=89,seed,,,,,,𓇋𓂋 𓂡 𓎢 𓊃𓀀𓏤 𓈖 𓐎𓏤 𓅓 𓎼𓃀𓂣 𓆑 𓅠𓅓𓅓 𓎢 𓎼𓃀𓂣 𓆑 𓂧𓎛𓅪 𓂋 𓆑 𓋴𓐟𓄿𓍘𓇋𓅪 𓂋 𓏻𓏌 𓆑,r khai k z n hsb m gab f gmm k gab f dh r f sat r 2nw f,,,,,False
TLA,TLA_EARLIER_090,S090,Earlier Egyptian,hieroglyphic/hieratic,unknown,Earlier Egyptian,𓇋𓂋 𓃹𓈖𓈖 𓎢 𓅓 𓃭𓂋𓇋𓇋𓏏𓉐 𓊢𓂝𓂻 𓈞𓋴𓀉 𓂋 𓂻𓂻𓂻 𓎢 𓎗𓅱𓂧𓂧𓏛 𓈖 𓎢 𓉔𓂋𓅱𓇳𓏤 𓁶𓏤,r wnn k m rwyt aha hmsi r nmtpl k wdd n k hrw tp,ꞽr wnn =k m rwy.t ꜥḥꜥ ḥmsi̯ r nmt.PL =k wdd n =k hrw tp(.ꞽ),ꞽr wnn =k m rwy.t ꜥḥꜥ ḥmsi̯ r nmt.PL =k wdd n =k hrw tp(.ꞽ),"Wenn du im Torgebäude/Eingangsportal bist, dann verhalte dich (wörtl.: stehe auf und setze dich) gemäß deiner Position, die dir am ersten Tag auferlegt worden ist.",28150|ꞽr 46050|wnn 10110|=k 400007|m 93610|rw.yt 650008|ꜥḥꜥ+(ḥmsi̯) 105780|ḥmsi̯ 91903|r 84500|nmt 10110|=k 51970|wḏ 400055|n 10110|=k 99060|hrw 171460|tp.ꞽ,ADP VERB PRON ADP NOUN VERB VERB ADP NOUN PRON VERB ADP PRON NOUN ADJ,PREP V\tam.act:stpr -2sg.m PREP N V\imp.sg V\imp.sg PREP N.m:pl:stpr -2sg.m V\ptcp.pass.m.pl PREP:stpr -2sg.m N.m NUM.ord:sg.m,,data/raw/tla_earlier/tla_earlier.parquet#row=90,seed,,,,,,𓇋𓂋 𓃹𓈖𓈖 𓎢 𓅓 𓃭𓂋𓇋𓇋𓏏𓉐 𓊢𓂝𓂻 𓈞𓋴𓀉 𓂋 𓂻𓂻𓂻 𓎢 𓎗𓅱𓂧𓂧𓏛 𓈖 𓎢 𓉔𓂋𓅱𓇳𓏤 𓁶𓏤,r wnn k m rwyt aha hmsi r nmtpl k wdd n k hrw tp,,,,,False
TLA,TLA_EARLIER_091,S091,Earlier Egyptian,hieroglyphic/hieratic,unknown,Earlier Egyptian,𓋴𓃀𓃥𓇗𓂝 𓉐𓂋𓂻 𓅓 𓏌𓏏𓇯,sab-shma pri m nwt,s(ꜣ)b-šmꜥ pri̯ m nw.t,s(ꜣ)b-šmꜥ pri̯ m nw.t,"der Schakal von Oberägypten, der aus der Nut hervorgekommen ist!",550422|zꜣb-šmꜥ.ꞽ 60920|pri̯ 400007|m 80940|Nw.t,NOUN VERB ADP PROPN,DIVN V\ptcp.act.m.sg PREP DIVN,,data/raw/tla_earlier/tla_earlier.parquet#row=91,seed,,,,,,𓋴𓃀𓃥𓇗𓂝 𓉐𓂋𓂻 𓅓 𓏌𓏏𓇯,sab-shma pri m nwt,,,,,False
TLA,TLA_EARLIER_092,S092,Earlier Egyptian,hieroglyphic/hieratic,unknown,Earlier Egyptian,𓍹𓇳𓄤𓂓𓍺𓏠𓈖𓋹𓉴𓊹𓍛𓋴𓌉 𓄂𓂝𓌳𓐙𓂝 𓍹𓇳𓄤𓂓𓍺𓏠𓈖𓋹𓉴𓅓𓆱𓐍𓏏𓊹𓍛 𓎛𓃀𓌨 𓁷𓁶 𓍹𓇳𓄤𓂓𓍺𓏠𓈖𓋹𓉴𓏅𓏏𓈙𓈉 𓅓𓂋𓇗 𓁷𓁶𓉻<g>R17A</g> 𓋾𓉞 𓋴𓍌𓌡𓏏𓏤 𓁷𓁶𓉻<g>N118A</g> 𓅓𓂋<g>O51B</g><g>O51B</g> 𓅓𓂋𓉒𓉒 𓅓𓂋<g>G49E</g><g>G49E</g> 𓇋𓌳𓄪𓐍𓂋𓊹𓉼 𓆓𓂝<g>M3B</g>𓅱,shdj-hmw-ntjr-mn-ankh-nfr-ka-raw hat-a-maa m-kht-hmw-ntjr-mn-ankh-nfr-ka-raw khr-habt hr-tp khnt-sh-mn-ankh-nfr-ka-raw m-r-shmaw hr-tp-aa-n-ta-wr hqa-hwt smr-wat hr-tp-aa-n-atft m-r-shnwt m-r-prw-hdj m-r-zshw makhw-khr-ntjr-aa djaw,sḥḏ-ḥm.w-nṯr-mn-ꜥnḫ-nfr-kꜣ-rꜥw ḥꜣ.tꞽ-ꜥ-mꜣꜥ (ꞽ)m(.ꞽ)-ḫt-ḥm.w-nṯr-mn-ꜥnḫ-nfr-kꜣ-rꜥw ẖr(.ꞽ)-ḥ(ꜣ)b(.t) ḥr.ꞽ-tp ḫnt.ꞽ-š-mn-ꜥnḫ-nfr-kꜣ-rꜥw (ꞽ)m(.ꞽ)-rʾ-šmꜥ.w ḥr.ꞽ-tp-ꜥꜣ-(n-)tꜣ-wr ḥqꜣ-ḥw.t smr-wꜥ.tꞽ ḥr.ꞽ-tp-ꜥꜣ-(n-)ꜣtf.t (ꞽ)m(.ꞽ)-rʾ-šnw.tꞽ (ꞽ)m(.ꞽ)-rʾ-pr.wꞽ-ḥḏ (ꞽ)m(.ꞽ)-rʾ-zš.wꞽ ꞽmꜣḫ.w-ḫr-nṯr-ꜥꜣ ḏꜥw,sḥḏ-ḥm.w-nṯr-mn-ꜥnḫ-nfr-kꜣ-rꜥw ḥꜣ.tꞽ-ꜥ-mꜣꜥ (ꞽ)m(.ꞽ)-ḫt-ḥm.w-nṯr-mn-ꜥnḫ-nfr-kꜣ-rꜥw ẖr(.ꞽ)-ḥ(ꜣ)b(.t) ḥr.ꞽ-tp ḫnt.ꞽ-š-mn-ꜥnḫ-nfr-kꜣ-rꜥw (ꞽ)m(.ꞽ)-rʾ-šmꜥ.w ḥr.ꞽ-tp-ꜥꜣ-(n-)tꜣ-wr ḥqꜣ-ḥw.t smr-wꜥ.tꞽ ḥr.ꞽ-tp-ꜥꜣ-(n-)ꜣtf.t (ꞽ)m(.ꞽ)-rʾ-šnw.tꞽ (ꞽ)m(.ꞽ)-rʾ-pr.wꞽ-ḥḏ (ꞽ)m(.ꞽ)-rʾ-zš.wꞽ ꞽmꜣḫ.w-ḫr-nṯr-ꜥꜣ ḏꜥw,"Der Aufseher der Priester von (der Pyramidenanlage) Das Leben des Neferkare dauert, wirklicher Hatia (Rangtitel), Unteraufseher der Priester an (der Pyramidenanlage) Das Leben des Neferkare dauert, Vorlesepriester, Oberhaupt, Chentischi an der (Pyramidenanlage) Das Leben des Neferkare dauert, Vorsteher von Oberägypten, großes Oberhaupt des Thinitischen Gaues, Gutsverwalter, einziger Freund (des Königs), großes Oberhaupt von Atfet, Vorsteher der beiden Scheunen, Vorsteher der beiden Schatzhäuser und Vorsteher der beiden Teiche, der Versorgte beim großen Gott Djau.",851313|sḥḏ-ḥm.w-nṯr-Mn-ꜥnḫ-Nfr-kꜣ-Rꜥw 850563|ḥꜣ.tꞽ-ꜥ-mꜣꜥ 854987|ꞽm.ꞽ-ḫt-ḥm.w-nṯr-Mn-ꜥnḫ-Nfr-kꜣ-Rꜥw 124340|ẖr.ꞽ-ḥꜣb.t 855741|ḥr.ꞽ-tp 855143|ḫnt.ꞽ-š-Mn-ꜥnḫ-Nfr-kꜣ-Rꜥw 400157|ꞽm.ꞽ-rʾ-Šmꜥ.w 854931|ḥr.ꞽ-tp-ꜥꜣ-n-Tꜣ-wr 400221|ḥqꜣ-ḥw.t 400142|smr-wꜥ.tꞽ 854285|ḥr.ꞽ-tp-ꜥꜣ-n-ꜣtf.t 400143|ꞽm.ꞽ-rʾ-šnw.tꞽ 450696|ꞽm.ꞽ-rʾ-pr.wꞽ-ḥḏ 850326|ꞽm.ꞽ-rʾ-zš.wꞽ 850380|ꞽmꜣḫ.w-ḫr-nṯr-ꜥꜣ 709669|Ḏꜥw,NOUN NOUN NOUN NOUN NOUN NOUN NOUN NOUN NOUN NOUN NOUN NOUN NOUN NOUN NOUN PROPN,TITL TITL TITL TITL TITL TITL TITL TITL TITL TITL TITL TITL TITL TITL TITL PERSN,,data/raw/tla_earlier/tla_earlier.parquet#row=92,seed,,,,,,𓍹𓇳𓄤𓂓𓍺𓏠𓈖𓋹𓉴𓊹𓍛𓋴𓌉 𓄂𓂝𓌳𓐙𓂝 𓍹𓇳𓄤𓂓𓍺𓏠𓈖𓋹𓉴𓅓𓆱𓐍𓏏𓊹𓍛 𓎛𓃀𓌨 𓁷𓁶 𓍹𓇳𓄤𓂓𓍺𓏠𓈖𓋹𓉴𓏅𓏏𓈙𓈉 𓅓𓂋𓇗 𓁷𓁶𓉻<g>R17A</g> 𓋾𓉞 𓋴𓍌𓌡𓏏𓏤 𓁷𓁶𓉻<g>N118A</g> 𓅓𓂋<g>O51B</g><g>O51B</g> 𓅓𓂋𓉒𓉒 𓅓𓂋<g>G49E</g><g>G49E</g> 𓇋𓌳𓄪𓐍𓂋𓊹𓉼 𓆓𓂝<g>M3B</g>𓅱,shdj-hmw-ntjr-mn-ankh-nfr-ka-raw hat-a-maa m-kht-hmw-ntjr-mn-ankh-nfr-ka-raw khr-habt hr-tp khnt-sh-mn-ankh-nfr-ka-raw m-r-shmaw hr-tp-aa-n-ta-wr hqa-hwt smr-wat hr-tp-aa-n-atft m-r-shnwt m-r-prw-hdj m-r-zshw makhw-khr-ntjr-aa djaw,,,,,False
TLA,TLA_EARLIER_093,S093,Earlier Egyptian,hieroglyphic/hieratic,unknown,Earlier Egyptian,𓂖 𓉐𓈖𓈙,hm-ka pr-nb,ḥm-kꜣ prꞽ-nb,ḥm-kꜣ prꞽ-nb,Der Totenpriester Perineb.,104990|ḥm-kꜣ 701466|Pri̯-nb,NOUN PROPN,TITL PERSN,,data/raw/tla_earlier/tla_earlier.parquet#row=93,seed,,,,,,𓂖 𓉐𓈖𓈙,hm-ka pr-nb,,,,,False
TLA,TLA_EARLIER_094,S094,Earlier Egyptian,hieroglyphic/hieratic,unknown,Earlier Egyptian,𓇍 𓅜 𓊪𓅱 𓇋𓏶 𓈖𓂧𓇋𓏏𓊖 𓌂 𓏶 𓋅,y akh pw m ndt skhm m ta-wr,ꞽy ꜣḫ pw ꞽm(.ꞽ) ndꞽ.t sḫm ꞽm(.ꞽ) tꜣ-wr,ꞽy ꜣḫ pw ꞽm(.ꞽ) ndꞽ.t sḫm ꞽm(.ꞽ) tꜣ-wr,"Es kommt dieser Verklärte, der in Nedit ist, die Macht, die im Thinitischen Gau ist.""",21930|ꞽwi̯ 203|ꜣḫ 59740|pw 25130|ꞽm.ꞽ 90710|Ndꞽ.t 142140|sḫm 25130|ꞽm.ꞽ 550364|Tꜣ-wr,VERB NOUN PRON ADJ PROPN NOUN ADJ PROPN,V\ptcp.act.m.sg N.m dem.m.sg PREP-adjz:m.sg TOPN N.m PREP-adjz:m.sg TOPN,,data/raw/tla_earlier/tla_earlier.parquet#row=94,seed,,,,,,𓇍 𓅜 𓊪𓅱 𓇋𓏶 𓈖𓂧𓇋𓏏𓊖 𓌂 𓏶 𓋅,y akh pw m ndt skhm m ta-wr,,,,,False
TLA,TLA_EARLIER_095,S095,Earlier Egyptian,hieroglyphic/hieratic,unknown,Earlier Egyptian,𓁷𓍑,hr-wdja,ḥr(.ꞽ)-wḏꜣ,ḥr(.ꞽ)-wḏꜣ,Leiter des Magazins,882329|ḥr.ꞽ-wḏꜣ,NOUN,TITL,,data/raw/tla_earlier/tla_earlier.parquet#row=95,seed,,,,,,𓁷𓍑,hr-wdja,,,,,False
TLA,TLA_EARLIER_096,S096,Earlier Egyptian,hieroglyphic/hieratic,unknown,Earlier Egyptian,𓍚 𓆙 𓊪𓅱,khsf hfaw pw,ḫsf ḥfꜣ.w pw,ḫsf ḥfꜣ.w pw,Das Abwehren einer Schlange ist es.,120790|ḫsf 104390|ḥfꜣ.w 59741|pw,VERB NOUN PRON,V\inf N.m dem,,data/raw/tla_earlier/tla_earlier.parquet#row=96,seed,,,,,,𓍚 𓆙 𓊪𓅱,khsf hfaw pw,,,,,False
TLA,TLA_EARLIER_097,S097,Earlier Egyptian,hieroglyphic/hieratic,unknown,Earlier Egyptian,𓋴𓏃𓈖𓏏 𓊨𓁹<g>US9A40VARA</g> 𓊨𓏏𓉐 𓆑 𓂋 𓅨<g>US9A40VARA</g>𓏪 𓇋𓏶𓅱 𓇾𓂦𓈉,skhnti wsr st f r wrpl mw ta-djsr,sḫnti̯ wsꞽr s.t =f r wr.PL ꞽm.ꞽ.w tꜣ-ḏsr,sḫnti̯ wsꞽr s.t =f r wr.PL ꞽm.ꞽ.w tꜣ-ḏsr,"Möge Osiris seinen Platz hervorheben gegenüber den Großen, die in Tadjeser sind.",142720|sḫnti̯ 49460|Wsꞽr 125100|s.t 10050|=f 91903|r 855586|Wr.w 25130|ꞽm.ꞽ 169370|tꜣ-ḏsr,VERB PROPN NOUN PRON ADP PROPN ADJ NOUN,V\tam.act DIVN N.f:stpr -3sg.m PREP DIVN PREP-adjz:m.pl N.m,,data/raw/tla_earlier/tla_earlier.parquet#row=97,seed,,,,,,𓋴𓏃𓈖𓏏 𓊨𓁹<g>US9A40VARA</g> 𓊨𓏏𓉐 𓆑 𓂋 𓅨<g>US9A40VARA</g>𓏪 𓇋𓏶𓅱 𓇾𓂦𓈉,skhnti wsr st f r wrpl mw ta-djsr,,,,,False
TLA,TLA_EARLIER_098,S098,Earlier Egyptian,hieroglyphic/hieratic,unknown,Earlier Egyptian,𓂋𓂝 𓀀 𓊪𓎛𓄖𓂻 𓆑 𓋀𓏏𓈉 𓏇𓇋 𓈖𓏏𓏭 𓅓 𓍋𓅓𓂋𓉴 𓆑 𓊢𓂝𓂻𓈖 𓁷𓂋𓇯𓇾𓈇𓏤𓀀 𓁷𓏤 𓈎𓂋𓋴𓆱 𓆑,rdji ph f mnt m nt m mhr f ahan hr-ta hr qrs f,rḏi̯ =ꞽ pḥ =f ꞽmn.t mꞽ n.tꞽ m mḥr =f ꜥḥꜥ.n ḥr(.ꞽ)-tꜣ ḥr qrs =f,rḏi̯ =ꞽ pḥ =f ꞽmn.t mꞽ n.tꞽ m mḥr =f ꜥḥꜥ.n ḥr(.ꞽ)-tꜣ ḥr qrs =f,"Ich werde ihn den Westen erreichen lassen, (und zwar) wie einer, der in seiner Pyramide ist, nachdem ein Hinterbliebener (wörtl.: einer, der auf Erden ist) sich bei seinem Sarg aufgestellt hat (oder: und um dessen Bestattung sich ein Hinterbliebener gekümmert hat).",550028|rḏi̯ 10030|=ꞽ 61370|pḥ 10050|=f 26140|ꞽmn.t 67820|mꞽ 89850|n.tꞽ 400007|m 71780|mr 10050|=f 40110|ꜥḥꜥ 108880|ḥr.ꞽ-tꜣ 400090|ḥr 161980|qrs.w 10050|=f,VERB PRON VERB PRON NOUN ADP PRON ADP NOUN PRON VERB NOUN ADP NOUN PRON,V\tam.act:stpr -1sg V\tam.act:stpr -3sg.m N.f PREP PRON.rel:m.sg PREP N.m:stpr -3sg.m V\tam.act-ant N.m PREP N.m:stpr -3sg.m,,data/raw/tla_earlier/tla_earlier.parquet#row=98,seed,,,,,,𓂋𓂝 𓀀 𓊪𓎛𓄖𓂻 𓆑 𓋀𓏏𓈉 𓏇𓇋 𓈖𓏏𓏭 𓅓 𓍋𓅓𓂋𓉴 𓆑 𓊢𓂝𓂻𓈖 𓁷𓂋𓇯𓇾𓈇𓏤𓀀 𓁷𓏤 𓈎𓂋𓋴𓆱 𓆑,rdji ph f mnt m nt m mhr f ahan hr-ta hr qrs f,,,,,False
TLA,TLA_EARLIER_099,S099,Earlier Egyptian,hieroglyphic/hieratic,unknown,Earlier Egyptian,𓅓 𓄿𓏏𓅱𓀜 𓁷𓏤 𓎢 𓊪𓎛𓄖𓈖 𓎢 𓅱𓀀,m atw hr k phn k w,m ꜣ(ꞽ)t.w ḥr =k pḥ.n =k wꞽ,m ꜣ(ꞽ)t.w ḥr =k pḥ.n =k wꞽ,"Dein Gesicht soll nicht erblassen, nun daß du zu mir gelangt bist!",64410|m 14|ꜣyt 107510|ḥr 10110|=k 61370|pḥ 10110|=k 44000|wꞽ,VERB VERB NOUN PRON VERB PRON PRON,V V\advz N.m:stpr -2sg.m V\tam.act-ant:stpr -2sg.m =1sg,,data/raw/tla_earlier/tla_earlier.parquet#row=99,seed,,,,,,𓅓 𓄿𓏏𓅱𓀜 𓁷𓏤 𓎢 𓊪𓎛𓄖𓈖 𓎢 𓅱𓀀,m atw hr k phn k w,,,,,False
TLA,TLA_EARLIER_100,S100,Earlier Egyptian,hieroglyphic/hieratic,unknown,Earlier Egyptian,𓌸𓂋𓈘𓄣,mr-b,mr-ꞽb,mr-ꞽb,Mer-ib.,400271|Mr-ꞽb,PROPN,PERSN,,data/raw/tla_earlier/tla_earlier.parquet#row=100,seed,,,,,,𓌸𓂋𓈘𓄣,mr-b,,,,,False
