pair_id,source_pair,jaccard,a_position,a_source,a_text_id,a_sentence_id,a_language_stage,a_transliteration,a_has_hieroglyphs,a_has_translation,b_position,b_source,b_text_id,b_sentence_id,b_language_stage,b_transliteration,b_has_hieroglyphs,b_has_translation,translation_language
XED_001,AES<->BBAW,0.894737,16616,AES,AES_32A5CF4623EF,S32A5CF4623EF,Unspecified (AES),rꜥw-ḥr.w-ꜣḫ.tꞽ-ḥꜥi̯-m-ꜣḫ.t m-rn=f-m-šw-n.tꞽ-m-ꞽtn ḏi̯ ꜥnḫ ḏ.t nḥḥ,True,True,31484,BBAW,bbaw_egyptian_2018,B100099,Unspecified (BBAW),ꜥnḫ ꞽt(ꞽ) =ꞽ Rꜥw-Ḥr.w-ꜣḫ.tꞽ-ḥꜥi̯-m-ꜣḫ.t M-rn=f-m-šw-n.tꞽ-m-Ꞽtn ḏi̯ ꜥnḫ ḏ.t nḥḥ,True,True,
XED_002,AES<->Ramses,0.888889,17266,AES,AES_15128BA025BE,S15128BA025BE,Unspecified (AES),nꜥi̯ pw ꞽri̯.n ḥm =f m-ḫd,True,True,108656,Ramses,RAMSES_0373D92247DC,S_train_052426,Late Egyptian,nꜥꞽ.t pw ꞽrꞽ.n ḥm =f m ḫd,True,False,
XED_003,AES<->TLA,0.888889,10945,TLA,TLA_EARLIER_10947,S10947,Earlier Egyptian,ḏ(d)-mdw ꞽn ḫtm(.w)-bꞽ.tꞽ ꞽm.ꞽ-rʾ-gs-pr ꞽmn-m-ḥꜣ.t,True,True,20828,AES,AES_F2A405DB424D,SF2A405DB424D,Unspecified (AES),ḏ(d)-mdw ꞽn ḫtm(.w)-bꞽ.tꞽ ꞽm.ꞽ-rʾ-gs-pr ꞽnmn-m-ḥꜣ.t,True,True,de
XED_004,BBAW<->Ramses,0.888889,31658,BBAW,bbaw_egyptian_2018,B000095,Unspecified (BBAW),bw smn wr ḥr tꜣy =sn ꞽsb.t,False,True,102084,Ramses,RAMSES_26644FFB026D,S_train_040345,Late Egyptian,bw smn.n wr ḥr tꜣy.sn ꞽsb.t,False,False,
XED_005,BBAW<->TLA,0.894737,10393,TLA,TLA_EARLIER_10395,S10395,Earlier Egyptian,ꞽyi̯ n =f nṯr.PL bꜣ.PL-pꞽ nṯr.PL bꜣ.PL-nḫn.w nṯr.PL ꞽr(.ꞽ).w p.t nṯr.PL ꞽr(.ꞽ).w tꜣ ꞽri̯ =sn wṯz.PL n wnꞽs ḥr ꜥ =sn,True,True,70127,BBAW,bbaw_egyptian_2018,B084106,Unspecified (BBAW),ꞽyi̯ n =f nṯr.pl bꜣ.pl-Pꞽ nṯr.pl bꜣ.pl-Nḫn nṯr.pl ꞽr(.ꞽ).w p.t nṯr.pl ꞽr(.ꞽ).w tꜣ ꞽri̯ =sn n =k wṯz.pl ḥr ꜥ =sn,False,True,
XED_006,Ramses<->TLA,0.888889,14435,TLA,TLA_LATE_1668,S1668,Late Egyptian,ḏd nꜣ nṯr.PL-ꜥꜣ.PL wr.PL šꜣꜥ.PL-ḫpr,True,True,101910,Ramses,RAMSES_A6DCCDC40C2D,S_train_040008,Late Egyptian,ḏd nꜣ nṯr.w ꜥꜣ.w wr.w <n> šꜣꜥ ḫpr,False,False,
XED_007,AES<->BBAW,0.892857,20058,AES,AES_BCF5613CD613,SBCF5613CD613,Unspecified (AES),ꜥq =k ꞽw ḥw.t-ꜥꜣ.t ꞽw štꜣ.t =k m ḥw.t-bnbn nṯr.pl m ꞽꜣ.t-ṯꜣmwt ḥꜥꜥ m mꜣꜣ =k rsꞽ-ꞽnb=f ẖr =k rꜥw-nb wnn =k m ꞽtm-ḫprꞽ sr-m-ꞽwnw,True,True,30821,BBAW,bbaw_egyptian_2018,B076123,Unspecified (BBAW),ꜥq =k ꞽw Ḥw.t-ꜥꜣ.t ꞽw štꜣ.t =k m Ḥw.t-bnbn nṯr.pl m Ꞽꜣ.t-ṯꜣmwt ḥꜥꜥwy m mꜣꜣ =k Rsꞽ-ꞽnb=f ẖr =k rꜥw-nb wnn =k ꞽm m Ꞽtm-Ḫprꞽ Sr-m-Ꞽwnw,True,True,
XED_008,AES<->Ramses,0.888889,21512,AES,AES_49D39BB1940B,S49D39BB1940B,Unspecified (AES),ḫr pꜣy =ꞽ nb ꜥꜣ ꜥnḫ ḥr =k,True,True,117156,Ramses,RAMSES_81CA12404E57,S_test_000082,Late Egyptian,ḫr pꜣy.ꞽ nb ꜥꜣ tw ꜥnḫ ḥr =k,True,False,
XED_009,AES<->TLA,0.888889,11193,TLA,TLA_EARLIER_11195,S11195,Earlier Egyptian,pri̯.t pw ꞽri̯.n =f r-ḥr.w,True,True,22881,AES,AES_880C020CD28A,S880C020CD28A,Unspecified (AES),pri̯ pw ꞽri̯.t.n =f r-ḥr,True,True,de
XED_010,BBAW<->Ramses,0.888889,32287,BBAW,bbaw_egyptian_2018,B000749,Unspecified (BBAW),ꜥḥꜥ.n wḥꜥ.n ḥm =ꞽ m ꜥnḫ wꜣs ꞽw =[ꞽ],False,True,82037,Ramses,RAMSES_2D4B08AD1A9B,S_train_005661,Late Egyptian,ꜥḥꜥ.n wḥꜥ.n ḥm =ꞽ m ꜥnḫ wꜣs,True,False,
XED_011,BBAW<->TLA,0.894737,5956,TLA,TLA_EARLIER_5958,S5958,Earlier Egyptian,zꜣu̯ ṯw r(m)ṯ.PL ꞽptf n.t pr bꜣ-pf ḥr.t ḏꜣ.(w)t m rn =s pw n(.ꞽ) ḏꜣ.(w)tt.PL,True,True,73598,BBAW,bbaw_egyptian_2018,B091135,Unspecified (BBAW),[zꜣu̯] [ṯw] [r(m)ṯ.pl] [ꞽptf] [n.t] [pr] [bꜣ-pf] [ḥr.t] [ḏꜣ.(w)t] [m] [rn] =sn pw n(.ꞽ) ḏꜣ.(w)tt.pl,False,True,
XED_012,Ramses<->TLA,0.888889,14642,TLA,TLA_LATE_1875,S1875,Late Egyptian,nꜣ ꜥꜣ.y.PL ḥr ꜥš n =k ꞽmn,True,True,90170,Ramses,RAMSES_3980607C0E91,S_train_019178,Late Egyptian,nꜣ ꜥꜣ.w ḥr ꜥš n =k ꞽmn,True,False,
XED_013,AES<->BBAW,0.888889,20663,AES,AES_0020F17256C9,S0020F17256C9,Unspecified (AES),n ꞽmꜣḫ ḫr nb =f ꞽri̯ ḥss.t =f nb.t (ꞽ)m(.ꞽ)-r(ʾ)-mšꜥ sbk.ꞽ msi̯.n zꜣ.t-ẖ.t.y ḏd =f,True,True,26261,BBAW,bbaw_egyptian_2018,B005452,Unspecified (BBAW),n ꞽmꜣḫ ḫr nb =f ḥss.t =f nb.t (ꞽ)m(.ꞽ)-r(ʾ)-mšꜥ Sbk.ꞽ msi̯.n Zꜣ.t-H̱.t.y ḏd =f,True,True,
XED_014,AES<->Ramses,0.888889,16582,AES,AES_F13BCD2C1273,SF13BCD2C1273,Unspecified (AES),pꜣy =〈ꞽ〉 ꜥnḫ n mꜣꜥ.t n.tꞽ ꞽb =ꞽ r ḏd.t =f n.tꞽ bn ḏd =ꞽ sw m ꜥḏꜣ r nḥḥ ḏ.t,True,True,86909,Ramses,RAMSES_556082A528CB,S_train_013610,Late Egyptian,pꜣy.ꞽ ꜥnḫ n mꜣꜥ.t nty ꞽb =ꞽ r ḏd =f nty bn ḏd =ꞽ sw m ꜥḏꜣ r nḥḥ ḏ.t,False,False,
XED_015,AES<->TLA,0.888889,11864,TLA,TLA_EARLIER_11866,S11866,Earlier Egyptian,ḏd.ꞽn =k r =f ẖr.ꞽ wnḫ m ḥn.w.PL n.w qꜣb.t =f mr ꞽri̯.y =ꞽ,True,True,24258,AES,AES_C4DDE79BBF98,SC4DDE79BBF98,Unspecified (AES),ḏd.ꞽn =k r =f ẖr.ꞽ nrw((.t)).pl m ḥn.w.pl n.w qꜣb.t =f mr ꞽri̯.y =ꞽ,True,False,de
XED_016,BBAW<->Ramses,0.888889,32806,BBAW,bbaw_egyptian_2018,B001304,Unspecified (BBAW),r⸢wi̯⸣ bꞽn nb m tꜣ n Km.t,False,True,111016,Ramses,RAMSES_44CE8D593283,S_train_056857,Late Egyptian,rwꞽ =<ꞽ> bꞽn nb m tꜣ n km.t,False,False,
XED_017,BBAW<->TLA,0.894737,7970,TLA,TLA_EARLIER_7972,S7972,Earlier Egyptian,ꜣḫ.n ḥr.w ḫr =k m rn =k n(.ꞽ) ꜣḫ.t prr.t rꜥw ꞽm =k m-ẖnw ꜥ.DU =k m rn =k n(.ꞽ) ẖn(w.ꞽ)-ꜥḥ,True,True,70673,BBAW,bbaw_egyptian_2018,B085107,Unspecified (BBAW),ꜣḫ.n Ḥr.w ḫr =k m rn =k n(.ꞽ) ꜣḫ.t prr.t Rꜥw [ꞽm] =[k] [m]-ẖnw ꜥ(.wꞽ) =k m rn =k n(.ꞽ) ẖn(w.ꞽ)-ꜥḥ,False,True,
XED_018,Ramses<->TLA,0.888889,14677,TLA,TLA_LATE_1910,S1910,Late Egyptian,tꜣ ꜥḥ.t ꜥḫm.ṱ wꜣḥ.ṱ m-bꜣḥ =f,True,True,108125,Ramses,RAMSES_EC4DF3A1BA47,S_train_051444,Late Egyptian,tꜣ ꜥḥ.t ꜥḫm.tꞽ wꜣḥ.tꞽ m-bꜣḥ =f,True,False,
XED_019,AES<->BBAW,0.888889,24833,AES,AES_281F746A084B,S281F746A084B,Unspecified (AES),qꜣw n(.ꞽ) ꞽt nḏ snwḫ 1/64 qꜣw n(.ꞽ) mm snwḫ 1/64 ꜥd gnn 1/64,True,True,29374,BBAW,bbaw_egyptian_2018,B068143,Unspecified (BBAW),n(.ꞽ) ꞽt nḏ snwḫ 1/64 n(.ꞽ) mm snwḫ 1/64 ꜥd gnn 1/64,True,True,
XED_020,AES<->Ramses,0.875,21561,AES,AES_7CD98796211F,S7CD98796211F,Unspecified (AES),pꜣy =ꞽ nb ꜥꜣ ꜥnḫ ḥr =k,True,True,118350,Ramses,RAMSES_74DB4B028CAA,S_test_002488,Late Egyptian,pꜣy.ꞽ nb ꜥꜣ tw ꜥnḫ ḥr =k,True,False,
XED_021,AES<->TLA,0.888889,1997,TLA,TLA_EARLIER_1998,S1998,Earlier Egyptian,n sḏm =tw rn =ꞽ m rʾ wḥm.w,True,True,22253,AES,AES_83E7DAA31942,S83E7DAA31942,Unspecified (AES),n sḏm =tw rn =ꞽ m rʾ wḥm,True,True,de
XED_022,BBAW<->Ramses,0.888889,32886,BBAW,bbaw_egyptian_2018,B001385,Unspecified (BBAW),m-ꞽri̯ ḏri̯ ḥr ḫn.pl =k nswt-nḫt,False,True,93171,Ramses,RAMSES_17A94C3E0D64,S_train_024424,Late Egyptian,m ꞽrꞽ ḏrꞽ ḥr ḫn =k nswt nḫt,True,False,
XED_023,BBAW<->TLA,0.894737,945,TLA,TLA_EARLIER_946,S946,Earlier Egyptian,ꜣḫ.n ḥr.w ḫr =k m rn =k n(.ꞽ) ꜣḫ.t prr.t rꜥw ꞽm m-ẖnw ꜥ(.wꞽ) =k m rn =k n(.ꞽ) ẖn(w.ꞽ)-ꜥḥ,True,True,70442,BBAW,bbaw_egyptian_2018,B084726,Unspecified (BBAW),ꜣḫ.n Ḥr.w ḫr =k m rn =k n(.ꞽ) ꜣḫ.t prr.t Rꜥw ꞽm m-ẖnw ꜥ.du =k m rn =k n(.ꞽ) 〈ẖn(w.ꞽ)〉-ꜥḥ,False,True,
XED_024,Ramses<->TLA,0.888889,15842,TLA,TLA_LATE_3076,S3076,Late Egyptian,ꞽn nꜣ nṯr.PL-ꜥꜣ.PL wr šꜣꜥ.w-ḫpr,True,True,81801,Ramses,RAMSES_9BD65E499621,S_train_005283,Late Egyptian,ꞽn nꜣ nṯr.w ꜥꜣ.w wr.w n šꜣꜥ n ḫpr,True,False,
XED_025,AES<->BBAW,0.888889,23750,AES,AES_29E1CFAE8EBD,S29E1CFAE8EBD,Unspecified (AES),mk.t pw ꜥꜣ.t n.t ẖrd m pr-ms,True,True,28957,BBAW,bbaw_egyptian_2018,B065576,Unspecified (BBAW),mk.t pw ꜥꜣ.t n.t m pr-ms,True,True,
XED_026,AES<->Ramses,0.875,21811,AES,AES_829E68221FC4,S829E68221FC4,Unspecified (AES),wḏꜣ =f wḏꜣ =ꞽ m-ꜥ ẖꜣ.wt.pl,True,True,84154,Ramses,RAMSES_0A875099D638,S_train_009100,Late Egyptian,wḏꜣ =f wḏꜣ =ꞽ m-ꜥ ẖꜣ.wt,True,False,
XED_027,AES<->TLA,0.888889,3039,TLA,TLA_EARLIER_3041,S3041,Earlier Egyptian,ḏi̯ =f snf m msꜣḏ.t.DU =fꞽ,True,True,24965,AES,AES_87AB6C330399,S87AB6C330399,Unspecified (AES),ḏi̯.n =f snf m msꜣḏ.t.du =fꞽ,True,True,de
XED_028,BBAW<->Ramses,0.888889,33056,BBAW,bbaw_egyptian_2018,B001558,Unspecified (BBAW),[ḫꜣs.t] nb ḥr ꞽsdd r-ḥꜣ.t =f,False,True,85740,Ramses,RAMSES_DFC565B23438,S_train_011658,Late Egyptian,ḫꜣs.wt nb.wt ḥr ꞽsdd r-ḥꜣ.t =f,True,False,
XED_029,BBAW<->TLA,0.894737,16310,TLA,TLA_LATE_3544,S3544,Late Egyptian,ꞽry =f r-ꞽwd =k r ẖni̯ wsr tm =k fꜣy mstꞽ tm =k ḫpr ẖrꞽ nb.w.PL qn.w ẖrꞽ ḥr.ꞽ.w.PL ꜥšꜣ.PL,True,True,39368,BBAW,bbaw_egyptian_2018,B015280,Unspecified (BBAW),ꞽry =f r-ꞽwd =k r ẖni̯ wsr tm =k fꜣy mstꞽ tm =k ḫpr ẖrꞽ nb.w.pl qn.w ẖrꞽ ḥr(.ꞽ).w.pl ꜥšꜣ{.t}.pl,False,True,
XED_030,Ramses<->TLA,0.888889,13277,TLA,TLA_LATE_507,S507,Late Egyptian,ḏ.t.ṱ =k tm kḥkḥ m ꜣw.t-ꞽb,True,True,111546,Ramses,RAMSES_E4A61C3049E5,S_train_057857,Late Egyptian,ḏ.t =k tm.tꞽ kḥkḥ m ꜣw.t-ꞽb,True,False,
XED_031,AES<->BBAW,0.888889,24863,AES,AES_5131783053F3,S5131783053F3,Unspecified (AES),qꜣw n(.ꞽ) šs 1 qꜣw n(.ꞽ) ḥzmn 1 ḥmꜣ.t-mḥ.t 1 bꞽ.t 1,True,True,29380,BBAW,bbaw_egyptian_2018,B068163,Unspecified (BBAW),n(.ꞽ) šs 1 n(.ꞽ) ḥzmn 1 ḥmꜣ.t-mḥ.t 1 bꞽ.t 1,True,True,
XED_032,AES<->Ramses,0.866667,21999,AES,AES_E12888AD4218,SE12888AD4218,Unspecified (AES),wn.ꞽn =tw =f ḥr šmi̯.t r snḏm ꞽb n pꜣy =st ꞽt,True,True,95313,Ramses,RAMSES_960D2AEE65CB,S_train_028222,Late Egyptian,wn.ꞽn =tw =f ḥr šmꞽ.t r snḏm ꞽb n pꜣy.s ꞽt,True,False,
XED_033,AES<->TLA,0.888889,3076,TLA,TLA_EARLIER_3078,S3078,Earlier Egyptian,rḏi̯ ꜥq ḥtꞽ ꞽr.ꞽ r ꞽwf =s,True,True,24737,AES,AES_95A44AE2CD19,S95A44AE2CD19,Unspecified (AES),rḏi̯ ꜥq ḥtꞽ ꞽr.ꞽ r ẖnw ꞽwf =s,True,True,de
XED_034,BBAW<->Ramses,0.888889,33278,BBAW,bbaw_egyptian_2018,B001788,Unspecified (BBAW),n rḫ ḥm =f 〈r-ḏd〉 〈st〉 ꞽm,False,True,82745,Ramses,RAMSES_7BE0AB0FEFE7,S_train_006753,Late Egyptian,ꞽw n rḫ ḥm =f r-ḏd st ꞽm,False,False,
XED_035,BBAW<->TLA,0.888889,81,TLA,TLA_EARLIER_082,S082,Earlier Egyptian,ḥtp-ḏi̯ nswt ḥtp-ḏi̯ ꞽnp.w ḫnt.ꞽ-zḥ-nṯr,True,True,58348,BBAW,bbaw_egyptian_2018,B048811,Unspecified (BBAW),ḥtp-ḏi̯ nswt ḥtp-ḏi̯ Ꞽnp.w zḥ.ꞽ-nṯr,False,True,
XED_036,Ramses<->TLA,0.888889,13526,TLA,TLA_LATE_756,S756,Late Egyptian,ꞽ:ꞽri̯ =ꞽ ꜣḫ n nb =ꞽ mꞽ ḥm ꜣḫ n nb =f,True,True,116835,Ramses,RAMSES_25BEAC0C0B13,S_val_001255,Late Egyptian,ꞽ.ꞽrꞽ =ꞽ <m> ꜣḫ n nb =ꞽ mꞽ ḥm ꜣḫ n nb =f,False,False,
XED_037,AES<->BBAW,0.888889,19801,AES,AES_5161824D19C9,S5161824D19C9,Unspecified (AES),pꜣ sꜥḥ-šps p(ꜣ) n.tꞽ n ꞽwi̯ p(ꜣy) =ꞽ ꜥꜣ mnꞽnꞽw =f r spꜣ.t-ꞽgr.t,True,True,30705,BBAW,bbaw_egyptian_2018,B075547,Unspecified (BBAW),p(ꜣ) Sꜥḥ-šps p(ꜣ) n.tꞽ {ꞽw} n ꞽwi̯ p(ꜣy) =ꞽ ꜥꜣ mnꞽnꞽw =f r Spꜣ.t-Ꞽgr.t,True,True,
XED_038,AES<->Ramses,0.857143,22567,AES,AES_DBC0E0E0DFD6,SDBC0E0E0DFD6,Unspecified (AES),ꞽn-mn sḥꜣp =f sw (r-)ḏd,True,True,111472,Ramses,RAMSES_CB97FBA6A8D1,S_train_057724,Late Egyptian,ꞽn sḥꜣp =f sw r-ḏd,False,False,
XED_039,AES<->TLA,0.888889,5659,TLA,TLA_EARLIER_5661,S5661,Earlier Egyptian,ꞽw ḫsf =tw n swꜣ ḥr hp.w.PL,True,True,21765,AES,AES_49838603490D,S49838603490D,Unspecified (AES),ꞽw ḫsf =tw n swꜣ ḥr hp.w.pl =s,True,True,de
XED_040,BBAW<->Ramses,0.888889,33669,BBAW,bbaw_egyptian_2018,B002227,Unspecified (BBAW),n smn.n wꜥ ꞽ:m =sn r ꜥḥꜣ,False,True,82135,Ramses,RAMSES_317E66DCD937,S_train_005801,Late Egyptian,n smn.n wꜥ m =sn r ꜥḥꜣ ḥnꜥ =ꞽ,True,False,
XED_041,BBAW<->TLA,0.888889,10027,TLA,TLA_EARLIER_10029,S10029,Earlier Egyptian,m ẖs bꞽ(ꜣ).t =k r ḫnms.PL =k,True,True,26281,BBAW,bbaw_egyptian_2018,B005660,Unspecified (BBAW),m bꞽ(ꜣ).t =k r ḫnms.w.pl =k,True,True,
XED_042,Ramses<->TLA,0.882353,16250,TLA,TLA_LATE_3484,S3484,Late Egyptian,sšm =ꞽ n =k ḫꜣs.t.PL m-bw-wꜥ dmꞽ.PL r pꜣy =sn tp-rd,True,True,83633,Ramses,RAMSES_4C5BB0565CDA,S_train_008239,Late Egyptian,sšm =ꞽ n =k ḫꜣs.wt m bw wꜥ dmꞽ.w r pꜣy.sn tp-rd,True,False,
XED_043,AES<->BBAW,0.888889,18006,AES,AES_6F9B1D057D9A,S6F9B1D057D9A,Unspecified (AES),nṯri̯ ꞽb pwy pri̯ m štꜣ.t =k,True,True,30122,BBAW,bbaw_egyptian_2018,B072949,Unspecified (BBAW),nṯri̯ ꞽb pwy {pw} pri̯ m štꜣ.t =k,True,True,
XED_044,AES<->Ramses,0.846154,22656,AES,AES_B030F90B8010,SB030F90B8010,Unspecified (AES),ꜥḥꜥ.n wšby bꜣ-nb-ḏd(.t) nṯr-ꜥꜣ-ꜥnḫ m ḏd.t.n =f,True,True,100701,Ramses,RAMSES_C5FEBF422EC0,S_train_037780,Late Egyptian,ꜥḥꜥ.n wšb bꜣ-nb-ḏd.t nṯr ꜥꜣ ꜥnḫ m ḏd(.t).n =f,True,False,
XED_045,AES<->TLA,0.888889,13825,TLA,TLA_LATE_1056,S1056,Late Egyptian,ꞽ:šmi̯ ḏd n tꜣy =k ḥn.wt,True,True,22361,AES,AES_B1D5F0A28ED2,SB1D5F0A28ED2,Unspecified (AES),ꞽ:šmi̯.t ḏd n tꜣy =k ḥn.wt,True,True,de
XED_046,BBAW<->Ramses,0.888889,33764,BBAW,bbaw_egyptian_2018,B002330,Unspecified (BBAW),ḏd-mdw di.n n =k snb nb ḫr =k,False,True,99250,Ramses,RAMSES_12E785FE1790,S_train_035105,Late Egyptian,ḏd mdw dꞽ.n =<ꞽ> n =k snb nb ḫr =ꞽ,False,False,
XED_047,BBAW<->TLA,0.888889,1013,TLA,TLA_EARLIER_1014,S1014,Earlier Egyptian,(w)sr(.w) n(ꞽ).t m n =k ꞽr(.t)-ḥr.w,True,True,69735,BBAW,bbaw_egyptian_2018,B083292,Unspecified (BBAW),[(W)sr(.w)] [Ppy] [m] [n] =[k] [ꞽr.t-Ḥr.w],False,True,
XED_048,Ramses<->TLA,0.875,13878,TLA,TLA_LATE_1109,S1109,Late Egyptian,ky ḥr swḏꜣ ꞽb n pꜣy =ꞽ nb,True,True,80342,Ramses,RAMSES_1F1DEDDB35EB,S_train_002980,Late Egyptian,ky swḏꜣ-ꞽb n pꜣy.ꞽ nb,True,False,
XED_049,AES<->BBAW,0.888889,17483,AES,AES_BC36E196EFB2,SBC36E196EFB2,Unspecified (AES),mw.t nb.t-p.t ḥn.wt-nṯr.pl,True,True,32129,BBAW,bbaw_egyptian_2018,B000582,Unspecified (BBAW),Mw.t nb.t-Ꞽšr.w nb.t-p.t ḥn.wt-nṯr.pl-nb.pl,False,True,
XED_050,AES<->Ramses,0.833333,25555,AES,AES_0A8B822F92BA,S0A8B822F92BA,Unspecified (AES),ꞽ:nḏ ḥr =k ꞽmn ꞽ:nḏ ḥr =k ptḥ,True,True,83253,Ramses,RAMSES_563A2EABDDB0,S_train_007606,Late Egyptian,ꞽ.nḏ ḥr =k ꞽmn,False,False,
XED_051,AES<->TLA,0.888889,13896,TLA,TLA_LATE_1127,S1127,Late Egyptian,ḏi̯ =ꞽ ꜥmꜣm =w m sḫr.w.PL nb.w ḫpr.w m-ḏi̯ =ꞽ,True,True,20885,AES,AES_98F5425C683F,S98F5425C683F,Unspecified (AES),ḏi̯ =ꞽ ꜥmꜣm =w m sḫr.w.pl nb.t(.w) ḫpr.w m-ḏi̯ =ꞽ,True,True,de
XED_052,BBAW<->Ramses,0.888889,34710,BBAW,bbaw_egyptian_2018,B003387,Unspecified (BBAW),n smn.n wꜥ ꞽ:m =sn r ꜥḥꜣ ḥnꜥ =sn,False,True,103691,Ramses,RAMSES_81A4A2F51038,S_train_043253,Late Egyptian,n smn.n wꜥ m =sn r ꜥḥꜣ ḥnꜥ =sn,False,False,
XED_053,BBAW<->TLA,0.888889,10799,TLA,TLA_EARLIER_10801,S10801,Earlier Egyptian,ḥtp-ḏi̯ nswt ḥtp-ḏi̯ ꞽnp.w ḫnt.ꞽ-zḥ-nṯr ꞽm.ꞽ-wt tp.ꞽ-ḏw=f nb-tꜣ-ḏsr,True,True,62882,BBAW,bbaw_egyptian_2018,B057934,Unspecified (BBAW),ḥtp-ḏꞽ nswt ḥtp-ḏꞽ Ꞽnp.w ḫnt(.ꞽ)-sḥ-nṯr ꞽm.ꞽ-wt tp.ꞽ-ḏw=f nb-tꜣ-ḏsr,False,True,
XED_054,Ramses<->TLA,0.875,13903,TLA,TLA_LATE_1134,S1134,Late Egyptian,tꜣy =f ḥm.t snḥ.ṱ m-bꜣḥ =f,True,True,111222,Ramses,RAMSES_0D473652C68A,S_train_057263,Late Egyptian,tꜣy.f ḥm.t snḥ.tꞽ m-bꜣḥ =f,True,False,
XED_055,AES<->BBAW,0.888889,16421,AES,AES_BFD37427A3ED,SBFD37427A3ED,Unspecified (AES),rꜥw-ḥr.w-ꜣḫ.tꞽ-ḥꜥi̯-m-ꜣḫ.t m-rn=f-m-šw-n.tꞽ-m-ꞽtn ḏi̯ ꜥnḫ ḏ.t nḥḥ ꞽtn ꜥnḫ wr ꞽm.ꞽ-ḥꜣb-sd ḥr.ꞽ-ꞽb-pr-ꞽtn m ꜣḫ.t-ꞽtn,True,True,31365,BBAW,bbaw_egyptian_2018,B099086,Unspecified (BBAW),Rꜥw-Ḥr.w-ꜣḫ.tꞽ-ḥꜥi̯-m-ꜣḫ.t M-rn=f-m-šw-n.tꞽ-m-Ꞽtn ḏi̯ ꜥnḫ ḏ.t nḥḥ Ꞽtn ꜥnḫ wr ꞽm.ꞽ-ḥꜣb-sd nb-p.t nb-tꜣ ḥr.ꞽ-ꞽb-Pr-Ꞽtn m Ꜣḫ.t-Ꞽtn,True,True,
XED_056,AES<->Ramses,0.833333,24576,AES,AES_535BACB229F3,S535BACB229F3,Unspecified (AES),ḏd =k (ꞽ)r =k ḏd.n =ꞽ n =k (ꞽ)r =k,True,True,104560,Ramses,RAMSES_0E4F540C4FCF,S_train_044861,Late Egyptian,r-ḏd hꜣb =ꞽ n =k,True,False,
XED_057,AES<->TLA,0.888889,14077,TLA,TLA_LATE_1309,S1309,Late Egyptian,ṯꜣy n =k pꜣ n.tꞽ ꞽb =k r =f,True,True,20801,AES,AES_E2FA78EC7F6F,SE2FA78EC7F6F,Unspecified (AES),ṯꜣy n =ꞽk pꜣ n.tꞽ ꞽb =k r =f,True,True,de
XED_058,BBAW<->Ramses,0.888889,36072,BBAW,bbaw_egyptian_2018,B006533,Unspecified (BBAW),gmi̯ =k sw mꞽ wꜣ.t 〈m〉 mꞽ.t n ꜥnḫ,False,True,88975,Ramses,RAMSES_DD4DF5A54327,S_train_017120,Late Egyptian,gmꞽ =k sw <m> mꞽ.t n ꜥnḫ,False,False,
XED_059,BBAW<->TLA,0.888889,10894,TLA,TLA_EARLIER_10896,S10896,Earlier Egyptian,wꜥb-nswt (ꞽ)r(.ꞽ-ꞽ)ḫ(.t)-nswt (ꞽ)m(.ꞽ)-rʾ-pr nfr,True,True,28601,BBAW,bbaw_egyptian_2018,B061116,Unspecified (BBAW),⸢(ꞽ)r(.ꞽ-ꞽ)ḫ(.t)-nswt⸣ ⸢(ꞽ)m(.ꞽ)-rʾ-pr-nswt⸣ wꜥb-nswt,True,True,
XED_060,Ramses<->TLA,0.875,14021,TLA,TLA_LATE_1253,S1253,Late Egyptian,st ꜥšꜣ mšꜥ n-m bꜣw n nṯr,True,True,115110,Ramses,RAMSES_FBFDA53842C1,S_train_064589,Late Egyptian,st ꜥšꜣ mšꜥ.w m bꜣw n nṯr,True,False,
XED_061,AES<->BBAW,0.888889,25439,AES,AES_C2FEAA6D7E9D,SC2FEAA6D7E9D,Unspecified (AES),ꞽw ꞽni̯.n =ꞽ nn rḏi̯ m s.t nn,True,True,29543,BBAW,bbaw_egyptian_2018,B069544,Unspecified (BBAW),ꞽw ꞽni̯.n =ꞽ nn m s.t nn,True,True,
XED_062,AES<->Ramses,0.833333,21507,AES,AES_9F5CF9FFD915,S9F5CF9FFD915,Unspecified (AES),m-ꞽri̯ nw(ꜣ) m-sꜣ =ꞽ,True,True,117135,Ramses,RAMSES_4BBC610E1768,S_test_000039,Late Egyptian,m ꞽrꞽ nw m-sꜣ =ꞽ,True,False,
XED_063,AES<->TLA,0.888889,16335,TLA,TLA_LATE_3569,S3569,Late Egyptian,tw=k m nsw nfr n tꜣ-mrꞽ,True,True,22652,AES,AES_DA32652E0785,SDA32652E0785,Unspecified (AES),tw=k m nsw nfr n.w tꜣ-mrꞽ,True,True,de
XED_064,BBAW<->Ramses,0.888889,37183,BBAW,bbaw_egyptian_2018,B008564,Unspecified (BBAW),qrs.tw =(ꞽ) m ꜣbḏw m mꜥḥꜥ.t ꞽt =ꞽ,False,True,83504,Ramses,RAMSES_77B8D8FD153E,S_train_008033,Late Egyptian,qrs.tw =<ꞽ> m ꜣbḏw m mꜥḥꜥ.t <n> ꞽt =ꞽ,False,False,
XED_065,BBAW<->TLA,0.888889,11063,TLA,TLA_EARLIER_11065,S11065,Earlier Egyptian,rḏi̯ n =k ꜥ.w hꜣi̯ n =k rw.t,True,True,68831,BBAW,bbaw_egyptian_2018,B081716,Unspecified (BBAW),rḏi̯ [n] =[k] [ꜥ].w hꜣi̯ n =k rw.t rḏi̯ n =k ḫfꜣ.t,False,True,
XED_066,Ramses<->TLA,0.875,14092,TLA,TLA_LATE_1324,S1324,Late Egyptian,nꜣ pnw ꜥšꜣ m tꜣ sḫ.t,True,True,106426,Ramses,RAMSES_55BCC1C319BE,S_train_048340,Late Egyptian,nꜣ pnw.w ꜥšꜣ m tꜣ sḫ.t,True,False,
XED_067,AES<->BBAW,0.888889,18528,AES,AES_D166E22D6D5C,SD166E22D6D5C,Unspecified (AES),ꞽ pꜣ mry.ty-n-nꜣ-nṯr.pl-nṯr.t.pl,True,True,30792,BBAW,bbaw_egyptian_2018,B075948,Unspecified (BBAW),ꞽ pꜣ mry.ty-n-nṯr.pl-nṯr.t.pl,True,True,
XED_068,AES<->Ramses,0.833333,21962,AES,AES_C9C99F9CDDEC,SC9C99F9CDDEC,Unspecified (AES),ꞽw =f ḥr r-ḏd n =f,True,True,86426,Ramses,RAMSES_5F49D49659A7,S_train_012794,Late Egyptian,ꞽw =f (ḥr) ḏd n =n,False,False,
XED_069,AES<->TLA,0.882353,13557,TLA,TLA_LATE_787,S787,Late Egyptian,m =kw pꜣy =k sn ꜥꜣ ꜥḥꜥ r-ḥꜣ.t.ṱ =k ẖr.ꞽ pꜣy =f nꞽw.y r ẖdb =k,True,True,20884,AES,AES_FF24D6483A39,SFF24D6483A39,Unspecified (AES),m =kw pꜣy =k sn ꜥꜣ ꜥḥꜥ r-ḥꜣ.t.ṱ =k ẖr.ꞽ pꜣy =f nꞽw.y r ẖdwb =k,True,True,de
XED_070,BBAW<->Ramses,0.888889,38974,BBAW,bbaw_egyptian_2018,B013289,Unspecified (BBAW),tꜣy =f mrw.t ṯtf.tꞽ ḥr ꞽnḥ =f,False,True,82341,Ramses,RAMSES_8824288B59DE,S_train_006135,Late Egyptian,tꜣy.f mrw.t ṯtf.tꞽ ḥr ꞽnḥ.wy =f,True,False,
XED_071,BBAW<->TLA,0.888889,11465,TLA,TLA_EARLIER_11467,S11467,Earlier Egyptian,ꞽmꜣḫ.w-ḫr-ꞽnp.w-tp.ꞽ-ḏw=f ššꞽ,True,True,63709,BBAW,bbaw_egyptian_2018,B059692,Unspecified (BBAW),ꞽmꜣḫ(.w)-ḫr-Ꞽnp.w-tp.ꞽ-ḏw=f,False,True,
XED_072,Ramses<->TLA,0.875,12924,TLA,TLA_LATE_153,S153,Late Egyptian,ꞽ:rwꞽ =k ꞽnb.t nḥꜣ-ḥr,True,True,83584,Ramses,RAMSES_4039DEE5A45F,S_train_008162,Late Egyptian,ꞽ.rwꞽ =k <r> ꞽnb.t nḥꜣ-ḥr,False,False,
XED_073,AES<->BBAW,0.888889,22169,AES,AES_DC87E7CE06C0,SDC87E7CE06C0,Unspecified (AES),sḥtp.n =ꞽ nṯr =ꞽ m mrr.t =f,True,True,48126,BBAW,bbaw_egyptian_2018,B033294,Unspecified (BBAW),ꞽw =ꞽ sḥtp.n =ꞽ nṯr m mrr!.t =f,False,True,
XED_074,AES<->Ramses,0.833333,22448,AES,AES_DCD1B26825FB,SDCD1B26825FB,Unspecified (AES),tw r nḏ ḫr.t =f,True,True,97465,Ramses,RAMSES_3FAF289F82D3,S_train_032015,Late Egyptian,=tw nḏ ḫr.t =f,True,False,
XED_075,AES<->TLA,0.875,3201,TLA,TLA_EARLIER_3203,S3203,Earlier Egyptian,ꞽw =f pḥ =f rḏi̯.t =f n ḫm.n =f,True,True,21728,AES,AES_ED29AF8301FC,SED29AF8301FC,Unspecified (AES),ꞽw =f pḥ =f rḏi̯.t =f n ḫm sw,True,True,de
XED_076,BBAW<->Ramses,0.888889,40542,BBAW,bbaw_egyptian_2018,B019260,Unspecified (BBAW),ꞽw =ꞽ ḥr mḥ m tꜣy =ꞽ {m} wp(w).t,False,True,100239,Ramses,RAMSES_BCED7CEC0CE0,S_train_036946,Late Egyptian,ꞽw =ꞽ ḥr mḥ m tꜣy.ꞽ wp.t,True,False,
XED_077,BBAW<->TLA,0.888889,11466,TLA,TLA_EARLIER_11468,S11468,Earlier Egyptian,ꞽyi̯.n n =f ꞽtr.tꞽ.DU šmꜥ.w mḥ.w m ks.w.PL n-wr-n snḏ =f n-ꜥꜣ.t-n(.t) šf.(y)t.PL =f,True,True,26258,BBAW,bbaw_egyptian_2018,B005430,Unspecified (BBAW),ꞽyi̯.n n =f ꞽtr.tꞽ.du Šmꜥ.w Mḥ.w m-ksw.pl n-wr-n snḏ =f n-ꜥꜣ.t-n(.t) šf.(y)t.pl =f,True,True,
XED_078,Ramses<->TLA,0.875,14301,TLA,TLA_LATE_1534,S1534,Late Egyptian,ꞽḫ hꜣb =k n =ꞽ ḥr ꜥ =k ḥr ꜥ n nꜣy =k bꜣk.PL ḥr pꜣ n.tꞽ nb st ꞽm,True,True,91072,Ramses,RAMSES_C755301AE0D5,S_train_020737,Late Egyptian,ꞽḫ-hꜣb =k n =ꞽ ḥr ꜥ =k ḥr ꜥ n nꜣy.k bꜣk.w ḥr pꜣ nty nb st ꞽm,True,False,
XED_079,AES<->BBAW,0.888889,21308,AES,AES_F71167AC6049,SF71167AC6049,Unspecified (AES),nn ms ḥḏ ḥbs.w m pꜣ rk,True,True,26737,BBAW,bbaw_egyptian_2018,B012579,Unspecified (BBAW),nn ms ḥḏ ḥbs.w m pꜣ {n} rk,True,True,
XED_080,AES<->Ramses,0.833333,23769,AES,AES_E316291E2D32,SE316291E2D32,Unspecified (AES),ꞽw ꜣs.t m qnw =s,True,True,92956,Ramses,RAMSES_8753DC98893B,S_train_024027,Late Egyptian,ꞽw ꜣs.t m =s,True,False,
XED_081,AES<->TLA,0.875,5350,TLA,TLA_EARLIER_5352,S5352,Earlier Egyptian,ꞽri̯.t =ꞽ šmi̯.t m-ḫnt.yt,True,True,21849,AES,AES_BD1F7627675C,SBD1F7627675C,Unspecified (AES),ꞽri̯.n〈t〉 =ꞽ šmi̯.t m-ḫnt.yt,True,True,de
XED_082,BBAW<->Ramses,0.888889,40700,BBAW,bbaw_egyptian_2018,B019455,Unspecified (BBAW),ꞽ~yꜣ bw srf =〈f〉 n =k 〈r〉-ḏd,False,True,86342,Ramses,RAMSES_75358D961725,S_train_012664,Late Egyptian,yꜣ bw srf =<f> n =k r-ḏd,False,False,
XED_083,BBAW<->TLA,0.888889,11485,TLA,TLA_EARLIER_11487,S11487,Earlier Egyptian,qrs.t m ẖr.t-nṯr ꞽꜣwi̯(.t) nfr wr.t,True,True,62398,BBAW,bbaw_egyptian_2018,B056974,Unspecified (BBAW),qrs.t(ꞽ) =f m ẖr(.t)-nṯr ꞽꜣwi̯ nfr wr.t,False,True,
XED_084,Ramses<->TLA,0.875,14529,TLA,TLA_LATE_1762,S1762,Late Egyptian,ꞽw =f ḥr fꜣi̯ =f r sḫsḫ r wꜥr,True,True,100050,Ramses,RAMSES_8B70BA545080,S_train_036592,Late Egyptian,ꞽw =f ḥr fꜣꞽ.t =f r sḫsḫ r wꜥr,True,False,
XED_085,AES<->BBAW,0.884615,16422,AES,AES_F24D6B83423F,SF24D6B83423F,Unspecified (AES),rꜥw-ḥr.w-ꜣḫ.tꞽ-ḥꜥi̯-m-ꜣḫ.t m-rn=f-m-šw-n.tꞽ-m-ꞽtn ḏi̯ ꜥnḫ ḏ.t nḥḥ ꞽtn ꜥnḫ wr ꞽm.ꞽ-ḥꜣb-sd ḥr.ꞽ-ꞽb-pr-ꞽtn m ꜣḫ.t-ꞽtn,True,True,31279,BBAW,bbaw_egyptian_2018,B098512,Unspecified (BBAW),ꜥnḫ ꞽt(ꞽ) =ꞽ Rꜥw-Ḥr.w-ꜣḫ.tꞽ-ḥꜥi̯-m-ꜣḫ.t M-rn=f-m-šw-nt.tꞽ-m-Ꞽtn ḏi̯ ꜥnḫ ḏ.t nḥḥ Ꞽtn ꜥnḫ wr ꞽm.ꞽ-ḥꜣb-sd ḥr.ꞽ-ꞽb-Pr-Ꞽtn m Ꜣḫ.t-Ꞽtn,True,True,
XED_086,AES<->Ramses,0.8,16464,AES,AES_99055FF023D9,S99055FF023D9,Unspecified (AES),ꞽri̯.w ꞽn wꜥb wnn-nfr.w m hrw pn,True,True,90365,Ramses,RAMSES_6072FA1BB8FD,S_train_019518,Late Egyptian,ꞽr.w ꞽn wꜥb wnn-nfr m hrw pn,True,False,
XED_087,AES<->TLA,0.875,7728,TLA,TLA_EARLIER_7730,S7730,Earlier Egyptian,sdꜣ ḫr m ꜥ.t =ꞽ nb.t,True,True,20878,AES,AES_2C4989B17AF9,S2C4989B17AF9,Unspecified (AES),sdꜣ.w ḫr.w m ꜥ.t.pl =ꞽ nb.t,True,True,de
XED_088,BBAW<->Ramses,0.888889,41106,BBAW,bbaw_egyptian_2018,B021036,Unspecified (BBAW),ꜣḫ n =ꞽ {sn} 〈sn.t〉 r pẖr.t.pl nb.(w)t,False,True,86780,Ramses,RAMSES_F29513224679,S_train_013403,Late Egyptian,ꜣḫ n =ꞽ sn <sn.t> r pẖr.t nb.t,False,False,
XED_089,BBAW<->TLA,0.888889,11816,TLA,TLA_EARLIER_11818,S11818,Earlier Egyptian,ꞽy n =k sn.t =k (ꜣ)s.t ḥꜥꜥ.t n mrw.t =k,True,True,71814,BBAW,bbaw_egyptian_2018,B087291,Unspecified (BBAW),ꞽy n =k (ꜣ)s.t [ḥꜥꜥ.t] n mrw.t =k,False,True,
XED_090,Ramses<->TLA,0.875,14596,TLA,TLA_LATE_1829,S1829,Late Egyptian,ꞽnk pꜣy =t sn n mw.t ꜣs.t,True,True,94011,Ramses,RAMSES_CF73C5D6F8F9,S_train_025904,Late Egyptian,ꞽnk pꜣy.ṯ sn n mw.t ꜣs.t,True,False,
XED_091,AES<->BBAW,0.875,25428,AES,AES_0B66AD1FE48C,S0B66AD1FE48C,Unspecified (AES),ꜥntꞽ.w šw nḥd.t wꜣḏ.w wꜥr.t r wꜥr.t,True,True,29565,BBAW,bbaw_egyptian_2018,B069692,Unspecified (BBAW),ꜥntꞽ.w šw nḥd.t wꜥr.t r wꜥr.t,True,True,
XED_092,AES<->Ramses,0.777778,16720,AES,AES_0A20CB2AB1C3,S0A20CB2AB1C3,Unspecified (AES),bn sni̯ =ꞽ sw r nḥḥ ḏ.t,True,True,105311,Ramses,RAMSES_A06873FD7898,S_train_046299,Late Egyptian,bn sn =ꞽ sw r nḥḥ ḏ.t,True,False,
XED_093,AES<->TLA,0.875,14344,TLA,TLA_LATE_1577,S1577,Late Egyptian,m-ꞽri̯ ḏꜣy s.t-ḥm.t nb.t,True,True,22655,AES,AES_51E63AAE04FD,S51E63AAE04FD,Unspecified (AES),m-ꞽri̯ ḏꜣy s.t-ḥm.t.pl nb(.t),True,True,de
XED_094,BBAW<->Ramses,0.888889,41447,BBAW,bbaw_egyptian_2018,B022345,Unspecified (BBAW),tꜣy =f bnbn(.t) n mḥ 1 m ḫy,False,True,98341,Ramses,RAMSES_8FB2C6C7BF65,S_train_033553,Late Egyptian,tꜣy.f bnbn n mḥ 1 m ḫy,True,False,
XED_095,BBAW<->TLA,0.888889,11825,TLA,TLA_EARLIER_11827,S11827,Earlier Egyptian,ḥtp-ḏi̯ nswt ꞽnp.w ḫnt(.ꞽ)-zḥ-nṯr,True,True,59740,BBAW,bbaw_egyptian_2018,B051287,Unspecified (BBAW),⸢ḥtp-ḏi̯⸣ ⸢nswt⸣ ⸢ḥtp-ḏi̯⸣ ⸢ḥtp-ḏi̯⸣ ⸢Ꞽnp.w⸣ ḫnt.ꞽ-zḥ-nṯr,False,True,
XED_096,Ramses<->TLA,0.875,14683,TLA,TLA_LATE_1916,S1916,Late Egyptian,bw ḫpr ṯꜣy n pꜣ ꞽri̯ =f,True,True,105479,Ramses,RAMSES_C8DC01585857,S_train_046611,Late Egyptian,bw ḫpr ṯꜣy n pꜣ ꞽrꞽ.t =f,True,False,
XED_097,AES<->BBAW,0.875,18032,AES,AES_0E74171CA92F,S0E74171CA92F,Unspecified (AES),nn ḥri̯ =sn r =f ḏ.t,True,True,47929,BBAW,bbaw_egyptian_2018,B033076,Unspecified (BBAW),nn ḥri̯.w =sn r =f ḏ.t,False,True,
XED_098,AES<->Ramses,0.777778,21527,AES,AES_871F8CC86DFC,S871F8CC86DFC,Unspecified (AES),ḏd pr-ꜥꜣ mꜣꜥ-ḫrw n mri̯-rꜥ,True,True,117617,Ramses,RAMSES_6D18C4DE8BC9,S_test_000996,Late Egyptian,ḏd pr-ꜥꜣ mꜣꜥ-ḫrw n mry-rꜥ,True,False,
XED_099,AES<->TLA,0.875,14956,TLA,TLA_LATE_2190,S2190,Late Egyptian,ꞽw =st ḥr qnꞽw =f ḥr ḥꜥ =f nb,True,True,22008,AES,AES_17CEADFEF01E,S17CEADFEF01E,Unspecified (AES),ꞽw =st ḥr qnꞽw =f ḥr ḥꜥ.t =f nb.t,True,True,de
XED_100,BBAW<->Ramses,0.888889,27822,BBAW,bbaw_egyptian_2018,B024352,Unspecified (BBAW),ḏd.ꞽn Bꜣ-nb-Ḏd(.t) nṯr-ꜥꜣ-ꜥnḫ {((〈r-〉ḏd))},True,True,78646,Ramses,RAMSES_2DED5575F834,S_train_000363,Late Egyptian,ḏd.ꞽn bꜣ-nb-ḏd.t nṯr ꜥꜣ ꜥnḫ ḏd,True,False,
XED_101,BBAW<->TLA,0.888889,11842,TLA,TLA_EARLIER_11844,S11844,Earlier Egyptian,ḫr ḥm-psḏ.t m ḥ(ꜥ)p(ꞽ),True,True,73750,BBAW,bbaw_egyptian_2018,B091473,Unspecified (BBAW),ḫr ḥm-psḏ.t m ḥ(ꜥ)p(ꞽ) pn,False,True,
XED_102,Ramses<->TLA,0.875,14889,TLA,TLA_LATE_2122,S2122,Late Egyptian,mntk stp ṯs.w.PL ꜥrq m ḏd.ṱ =w,True,True,79586,Ramses,RAMSES_305077A8AF9A,S_train_001830,Late Egyptian,mntk stp ṯs.w ꜥrq m ḏd,True,False,
XED_103,AES<->BBAW,0.875,22498,AES,AES_0FF52B2E6A26,S0FF52B2E6A26,Unspecified (AES),ꞽr ḫwd ((ẖr)) =f nn ms.w.pl =f,True,True,27640,BBAW,bbaw_egyptian_2018,B022995,Unspecified (BBAW),ꞽr ḫwd {ḫr} ((ẖr)) =f nn ms.w.[pl] =f,True,True,
XED_104,AES<->Ramses,0.75,21502,AES,AES_32B1100AF8CB,S32B1100AF8CB,Unspecified (AES),ḫꜥr pr-ꜥꜣ mꜣꜥ-ḫrw ꞽ-r =w m-sš (r-)ḏd,True,True,118059,Ramses,RAMSES_466115E148D6,S_test_001876,Late Egyptian,ḫꜥr pr-ꜥꜣ mꜣꜥ-ḫrw r =w m-sšr r-ḏd,True,False,
XED_105,AES<->TLA,0.875,15626,TLA,TLA_LATE_2860,S2860,Late Egyptian,ꞽw nꜣ šfn.w.PL ꜥšꜣ.PL ḥr dns,True,True,22105,AES,AES_C05225783E08,SC05225783E08,Unspecified (AES),ꞽw nꜣ šfn.w.pl ꜥšꜣ.t.pl ḥr dns,True,True,de
XED_106,BBAW<->Ramses,0.888889,75976,BBAW,bbaw_egyptian_2018,B095015,Unspecified (BBAW),ptr hꜣb =ꞽ r ꞽri̯ n =k mtr,False,True,78777,Ramses,RAMSES_C3188B9EF8F6,S_train_000558,Late Egyptian,ptr hꜣb =<ꞽ> <r> ꞽrꞽ.t n =k mtr.t,False,False,
XED_107,BBAW<->TLA,0.888889,12120,TLA,TLA_EARLIER_12122,S12122,Earlier Egyptian,ꞽmꜣḫ.w-ḫr-ꞽnp.w tp.ꞽ-ḏw=f,True,True,56693,BBAW,bbaw_egyptian_2018,B045929,Unspecified (BBAW),ꞽmꜣḫ.w-ḫr-Ꞽnp.w-tp.ꞽ-ḏw=f Zzꞽ,False,True,
XED_108,Ramses<->TLA,0.875,14909,TLA,TLA_LATE_2142,S2142,Late Egyptian,ḫꜣꜥ =kwꞽ ḥꜣ.w =k r mdw-nṯr.PL,True,True,101334,Ramses,RAMSES_5D97924ED8DD,S_train_038933,Late Egyptian,ḫꜣꜥ =k ḥꜣ =k r mdw-nṯr.w,True,False,
XED_109,AES<->BBAW,0.875,20522,AES,AES_1F6948DE1027,S1F6948DE1027,Unspecified (AES),ꞽ nb-ḥr.pl ꜥšꜣ-ꞽꜥrꜥ.t〈.pl〉,True,True,30791,BBAW,bbaw_egyptian_2018,B075940,Unspecified (BBAW),ꞽ pꜣ nb-ḥr.pl ꜥšꜣ-ꞽꜥrꜥ.t.pl,True,True,
XED_110,AES<->Ramses,0.75,22650,AES,AES_387F33A824CD,S387F33A824CD,Unspecified (AES),mꜥ~ꞽ n =ꞽ mw.t =〈ꞽ〉 ꜣs.t tꜣy =ꞽ mw.t,True,True,86904,Ramses,RAMSES_2E6883788BC5,S_train_013600,Late Egyptian,my n =ꞽ ꜣs.t tꜣy.ꞽ mw.t,False,False,
XED_111,AES<->TLA,0.866667,7975,TLA,TLA_EARLIER_7977,S7977,Earlier Egyptian,(ꞽ)r(.ꞽt-ꞽ)ḫ(.t)-nswt ḥm(.t)-nṯr-ḥw.t-ḥr.w ḥm(.t)-nṯr-nꞽ.t sn.t-ꞽt.s,True,True,16893,AES,AES_A141C9D4163A,SA141C9D4163A,Unspecified (AES),(ꞽ)r(.ꞽt-ꞽ)ḫ(.t)-nswt ḥm(.t)-nṯr-nꞽ.t ḥm(.t)-nṯr-ḥw.t-ḥr.w mr.t-ꞽt(ꞽ)=s,True,True,de
XED_112,BBAW<->Ramses,0.888889,76098,BBAW,bbaw_egyptian_2018,B095147,Unspecified (BBAW),wn bn ꞽw =k hꜣb n =ꞽ ꜥḏꜣ,False,True,83935,Ramses,RAMSES_16D6FEF883A2,S_train_008735,Late Egyptian,wn bn ꞽw =k (r) hꜣb n =ꞽ ꜥḏꜣ,False,False,
XED_113,BBAW<->TLA,0.888889,12726,TLA,TLA_EARLIER_12728,S12728,Earlier Egyptian,(w)sr(.w) n(ꞽ).t mꞽ n =k ꞽr(.t)-ḥr.w,True,True,73800,BBAW,bbaw_egyptian_2018,B091654,Unspecified (BBAW),(W)sr(.w) N(ꞽ).t mꞽ n =k ꞽr(.t)-Ḥr.w wḏꜣ.t,False,True,
XED_114,Ramses<->TLA,0.875,14967,TLA,TLA_LATE_2201,S2201,Late Egyptian,yꜣ ꞽḫ m pꜣy =k ḏd.ṱ =f,True,True,87646,Ramses,RAMSES_BB13613040CF,S_train_014863,Late Egyptian,yꜣ ꞽḫ m pꜣy.k ḏd =f,True,False,
XED_115,AES<->BBAW,0.875,21790,AES,AES_3D54FFC8BF94,S3D54FFC8BF94,Unspecified (AES),ꞽw =f ꞽri̯ =f sꜣr.t n ky,True,True,27033,BBAW,bbaw_egyptian_2018,B016626,Unspecified (BBAW),ꞽw =f {ḥr} ꞽri̯ =f sꜣr.t n ky,True,True,
XED_116,AES<->Ramses,0.75,17381,AES,AES_3E33DC0F1B66,S3E33DC0F1B66,Unspecified (AES),ḥts.n =f ḥb ꞽmn-m-ḥb-ꞽp.t,True,True,82472,Ramses,RAMSES_CBE2E1F1AEC5,S_train_006343,Late Egyptian,ꞽmn-m-ꞽp.t <m> ḥb =f,False,False,
XED_117,AES<->TLA,0.866667,13636,TLA,TLA_LATE_866,S866,Late Egyptian,ꞽ:šmi̯ ꞽ:wn pꜣ mꜥ~ẖr mtw =k ꞽni̯ n =k pꜣ n.tꞽ m ꞽb =k,True,True,20883,AES,AES_2D808D37E92F,S2D808D37E92F,Unspecified (AES),ꞽ:šmi̯.t ꞽ:wn pꜣ mꜥ~ẖr.ꞽt mtw =k ꞽni̯ n =k pꜣ n.tꞽ m ꞽb =k,True,True,de
XED_118,BBAW<->Ramses,0.888889,76370,BBAW,bbaw_egyptian_2018,B095432,Unspecified (BBAW),m-ꞽri̯ rwi̯ =k hꜣb n =ꞽ ꜥ =k,False,True,109385,Ramses,RAMSES_D8DEA002675D,S_train_053772,Late Egyptian,m ꞽrꞽ rwꞽ.t =k hꜣb n =ꞽ ꜥ =k,False,False,
XED_119,BBAW<->TLA,0.888889,1409,TLA,TLA_EARLIER_1410,S1410,Earlier Egyptian,ꞽ:nr sḫ.t.PL =k ꞽꜣd tp-ꜥ ꞽwn sbꜣ.PL mꜣ.n =sn ꞽwn knz.t kꜣ n(.ꞽ) p.t,True,True,70988,BBAW,bbaw_egyptian_2018,B085716,Unspecified (BBAW),ꞽ:nr sḫ.t.pl =k ꞽꜣd tp-ꜥ.w ꞽwn sb(ꜣ).pl mꜣ.n =sn ꞽwn knz.t kꜣ n(.ꞽ) p.t,False,True,
XED_120,Ramses<->TLA,0.875,15100,TLA,TLA_LATE_2334,S2334,Late Egyptian,m-ꞽri̯ ḏd.ṱ =f n =ꞽ ꜥn,True,True,91877,Ramses,RAMSES_EA1B176DBB9F,S_train_022091,Late Egyptian,m ꞽrꞽ ḏd =f n =ꞽ ꜥn,True,False,
XED_121,AES<->BBAW,0.875,24830,AES,AES_3FC25CD0AF02,S3FC25CD0AF02,Unspecified (AES),qꜣw n(.ꞽ) qmy.t ḥr mw n(.ꞽ).w pꜣd.w,True,True,29381,BBAW,bbaw_egyptian_2018,B068173,Unspecified (BBAW),n(.ꞽ) qmy.t ḥr mw n(.ꞽ).w pꜣd.w,True,True,
XED_122,AES<->Ramses,0.75,17396,AES,AES_523A2E52CACB,S523A2E52CACB,Unspecified (AES),ḏd-mdw (ꞽ)n mw.t nb-p.t,True,True,94365,Ramses,RAMSES_11D3C4655181,S_train_026559,Late Egyptian,ḏd mdw ꞽn mw.t nb.t p.t,True,False,
XED_123,AES<->TLA,0.857143,18516,AES,AES_00F58115511D,S00F58115511D,Unspecified (AES),ꞽ ꜥnḫ.ṱ sp 2 r-nḥḥ,True,True,127830,TLA,TLA_DEMOTIC_AAA63AE7B0A6,SAAA63AE7B0A6,Demotic,ꜥnḫ =t sp-2 r nḥḥ,False,True,de
XED_124,BBAW<->Ramses,0.888889,76492,BBAW,bbaw_egyptian_2018,B095557,Unspecified (BBAW),m-ꞽri̯ ḫꜣꜥ ḥꜣ =k r ḏd.t =ꞽ,False,True,80706,Ramses,RAMSES_4435AD89CA6E,S_train_003548,Late Egyptian,m ꞽrꞽ ḫꜣꜥ ḥꜣ =k r ḏd =ꞽ,True,False,
XED_125,BBAW<->TLA,0.888889,172,TLA,TLA_EARLIER_173,S173,Earlier Egyptian,ḥtp-di̯-nswt ꞽnp.w tp(.ꞽ)-ḏw=f ꞽm.ꞽ-wt nb-tꜣ-ḏsr ḫnt(.ꞽ)-zḥ-nṯr,True,True,57194,BBAW,bbaw_egyptian_2018,B046757,Unspecified (BBAW),⸢ḥtp-ḏi̯⸣ nswt ⸢ḥtp-〈〈ḏi̯〉〉⸣ ⸢Ꞽnp.w⸣ tp.ꞽ-ḏw=f ꞽm.ꞽ-wt nb-tꜣ-ḏsr ḫnt.ꞽ-zḥ-nṯr,False,True,
XED_126,Ramses<->TLA,0.875,15158,TLA,TLA_LATE_2392,S2392,Late Egyptian,ꞽb.ḫr =k pꜣ ḫrw.y n-ḥꜣ =k,True,True,102790,Ramses,RAMSES_7C1BA1E52A90,S_train_041645,Late Egyptian,ꞽb.ḫr =k pꜣ ḫrw n-ḥꜣ =k,True,False,
XED_127,AES<->BBAW,0.875,16671,AES,AES_422B588A568C,S422B588A568C,Unspecified (AES),ꞽꜣ.w n =k pꜣ wꜥ-n-rꜥw,True,True,31517,BBAW,bbaw_egyptian_2018,B100383,Unspecified (BBAW),ꞽꜣ.w n kꜣ =k pꜣ Wꜥ-n-Rꜥw,True,True,
XED_128,AES<->Ramses,0.75,20741,AES,AES_5DBC5E221B11,S5DBC5E221B11,Unspecified (AES),ꞽy =tw r ḏd n ḥm =f,True,True,89725,Ramses,RAMSES_22238DB8648F,S_train_018447,Late Egyptian,ꞽw =tw r-ḏd n ḥm =f,True,False,
XED_129,AES<->TLA,0.857143,10274,TLA,TLA_EARLIER_10276,S10276,Earlier Egyptian,ḥtp-ḏꞽ wsꞽr ḫnt(.ꞽ)-ḏd.wt,True,True,16967,AES,AES_8CBA722332D0,S8CBA722332D0,Unspecified (AES),ḥtp-ḏi̯ wsꞽr ḫnt.ꞽ-ḏd.wt,True,True,de
XED_130,BBAW<->Ramses,0.888889,76967,BBAW,bbaw_egyptian_2018,B096084,Unspecified (BBAW),ptr hꜣb (=ꞽ) r ꞽri̯.t n =k mtr,False,True,115207,Ramses,RAMSES_A2AE08B6A51D,S_train_064765,Late Egyptian,ptr hꜣb <r> ꞽrꞽ.t n =k mtr,False,False,
XED_131,BBAW<->TLA,0.888889,1823,TLA,TLA_EARLIER_1824,S1824,Earlier Egyptian,wnꞽs ḏs =f ꞽwn.w(ꞽ) msi̯.y m ꞽwn.w sk rꜥw ḥr-tp psḏ.t.DU ḥr-tp rḫ.wt nfr-tm ꞽw.t(ꞽ) sn.nw =f ꞽwꜥ(.w) ꞽt(ꞽ) =f gbb,True,True,72798,BBAW,bbaw_egyptian_2018,B089387,Unspecified (BBAW),Ppy ḏs =f ꞽwn.wy msi̯.y m Ꞽwn.w sk Rꜥw ḥr-tp Ppy psḏ.t.du ḥr-tp rḫ.wt Nfr-tm ꞽw.t(ꞽ) sn.nw =f ꞽwꜥ(.w) ꞽt(ꞽ) =f Gbb,False,True,
XED_132,Ramses<->TLA,0.875,15317,TLA,TLA_LATE_2551,S2551,Late Egyptian,ꞽw =f ḥr ḫꜣꜥ =f r pꜣ mw,True,True,89661,Ramses,RAMSES_79CB17C054EF,S_train_018337,Late Egyptian,ꞽw =s (ḥr) ḫꜣꜥ =f r pꜣ mw,False,False,
XED_133,AES<->BBAW,0.875,16745,AES,AES_441F77008B33,S441F77008B33,Unspecified (AES),nzw-bꞽt nb-tꜣ.du nfr-ḫpr.w-rꜥw-wꜥ-n-rꜥw ḏi̯ ꜥnḫ zꜣ-rꜥw nb-ḫꜥ.PL ꜣḫ-n-ꞽtn ꜥꜣ-m-ꜥḥꜥ(.w)=f,True,True,31558,BBAW,bbaw_egyptian_2018,B100682,Unspecified (BBAW),nzw-bꞽt ꜥnḫ-m-Mꜣꜥ.t nb-Tꜣ.du Nfr-ḫpr.pl-Rꜥw-wꜥ-n-Rꜥw ḏi̯ ꜥnḫ ḏ.t zꜣ-Rꜥw ꜥnḫ-m-Mꜣꜥ.t nb-ḫꜥ.pl Ꜣḫ-n-Ꞽtn ꜥꜣ-m-ꜥḥꜥ(.w)=f ḏi̯ ꜥnḫ ḏ.t,True,True,
XED_134,AES<->Ramses,0.75,22851,AES,AES_762F788A383D,S762F788A383D,Unspecified (AES),ꞽw ḥm〈.t〉 =f ḏd =s n =f,True,True,100214,Ramses,RAMSES_10A913951A2D,S_train_036897,Late Egyptian,ꞽw =s n =f r ḥm.t,True,False,
XED_135,AES<->TLA,0.857143,12104,TLA,TLA_EARLIER_12106,S12106,Earlier Egyptian,(ꞽ)r(.ꞽ-ꞽ)ḫ(.t)-nswt wꜥb-nswt štw.ꞽ,True,True,16947,AES,AES_1591D9B95741,S1591D9B95741,Unspecified (AES),(ꞽ)r(.ꞽ-ꞽ)ḫ(.t)-nswt štw.ꞽ,True,False,de
XED_136,BBAW<->Ramses,0.888889,77771,BBAW,bbaw_egyptian_2018,B096983,Unspecified (BBAW),ptr hꜣb 〈=ꞽ〉 〈r〉 ꞽri̯ 〈n〉 =tn mtr,False,True,110856,Ramses,RAMSES_960071E9024A,S_train_056582,Late Egyptian,ptr hꜣb =<ꞽ> r ꞽrꞽ.t <n> =tn mtr.t,False,False,
XED_137,BBAW<->TLA,0.888889,1868,TLA,TLA_EARLIER_1869,S1869,Earlier Egyptian,sṯi̯-ḥ(ꜣ)b ḥkn.w sfṯ nẖnm twꜣ.wt ḥꜣ.tt n.ꞽ.t ꜥš ḥꜣ.tt n.ꞽ.t ṯḥn.w,True,True,56761,BBAW,bbaw_egyptian_2018,B046021,Unspecified (BBAW),[sṯi̯-ḥ(ꜣ)b] ḥkn.w sfṯ nẖnm twꜣ.wt ḥꜣ.tꞽt n.ꞽ[.t] ꜥš ḥꜣ.tꞽt n.ꞽ[.t] ṯḥn.w,False,True,
XED_138,Ramses<->TLA,0.875,15496,TLA,TLA_LATE_2730,S2730,Late Egyptian,ky swḏꜣ-ꞽb n.ꞽ pꜣy =ꞽ nb,True,True,107416,Ramses,RAMSES_702AF878D1F0,S_train_050180,Late Egyptian,ky ḥr swḏꜣ-ꞽb n ꞽb n pꜣy.ꞽ nb,True,False,
XED_139,AES<->BBAW,0.875,23007,AES,AES_444B73F439A2,S444B73F439A2,Unspecified (AES),wt wšꜥ nb s.t-ꜥ nb.t ḥr =st,True,True,28658,BBAW,bbaw_egyptian_2018,B063726,Unspecified (BBAW),wt s.t-ꜥ nb.t {wt} ḥr =st,True,True,
XED_140,AES<->Ramses,0.75,22877,AES,AES_925165EF9EAD,S925165EF9EAD,Unspecified (AES),ꜥḥꜥ.n pw ꞽri̯.t.n ḥntʾ zꜣ ṯtꞽ ḥr mḥ ḥr-ḏd,True,True,113441,Ramses,RAMSES_9EDFEA1F465B,S_train_061405,Late Egyptian,ꜥḥꜥ n pw ꞽrꞽ.n ḥnt sꜣ ṯtꞽ ḥr mḥ ḥr ḏd,True,False,
XED_141,AES<->TLA,0.857143,12353,TLA,TLA_EARLIER_12355,S12355,Earlier Egyptian,psḏ.t ḥr rš-zp-2,True,True,20569,AES,AES_158C3E419243,S158C3E419243,Unspecified (AES),psḏ.t.pl ḥr rš-zp-2,True,True,de
XED_142,BBAW<->Ramses,0.888889,78368,BBAW,bbaw_egyptian_2018,B097643,Unspecified (BBAW),mtw =tn tm rwi̯ =tn hꜣb n =ꞽ ꜥ =tn,False,True,84458,Ramses,RAMSES_F6063BE1CEED,S_train_009579,Late Egyptian,mtw =tn tm rwꞽ.t =tn hꜣb n =ꞽ ꜥ =tn,True,False,
XED_143,BBAW<->TLA,0.888889,2406,TLA,TLA_EARLIER_2408,S2408,Earlier Egyptian,qrs.t =f m ẖr-nṯr ꞽꜣwi̯(.w) nfr,True,True,61882,BBAW,bbaw_egyptian_2018,B055800,Unspecified (BBAW),qrs.t(ꞽ) =f m ẖr(.t)-nṯr ꞽꜣwi̯ nfr,False,True,
XED_144,Ramses<->TLA,0.875,15514,TLA,TLA_LATE_2748,S2748,Late Egyptian,ꞽw =ꞽ ḥr tm.t sḏm n =f,True,True,106717,Ramses,RAMSES_00E5FA98EB97,S_train_048862,Late Egyptian,ꞽw =ꞽ ḥr tm sḏm n =f,True,False,
XED_145,AES<->BBAW,0.875,22440,AES,AES_4CFEF3044A7A,S4CFEF3044A7A,Unspecified (AES),ḥr.t =k m ꜥnḫ-tꜣ.du,True,True,27576,BBAW,bbaw_egyptian_2018,B022350,Unspecified (BBAW),ḥr.t =k m ꜥnḫ-tꜣ.du {⸮qꞽ?},True,True,
XED_146,AES<->Ramses,0.75,18095,AES,AES_B0C30F3C0193,SB0C30F3C0193,Unspecified (AES),ḫpr nrw =k m-m bꜣ(.pl) ꞽqr(.pl),True,True,81742,Ramses,RAMSES_7B108D98093F,S_train_005195,Late Egyptian,ḫpr n =k <m> bꜣ.w ꞽqr.w,False,False,
XED_147,AES<->TLA,0.857143,4218,TLA,TLA_EARLIER_4220,S4220,Earlier Egyptian,ẖꜣ ḥr ḥsꜣ n(.ꞽ) ꜥwꜣ.yt,True,True,25753,AES,AES_5E8D77820C90,S5E8D77820C90,Unspecified (AES),ẖꜣ.w ḥr ḥsꜣ n(.ꞽ) ꜥwꜣ.yt,True,True,de
XED_148,BBAW<->Ramses,0.875,32727,BBAW,bbaw_egyptian_2018,B001222,Unspecified (BBAW),bw ((wꜣḥ)) =((ꞽ)) ((nfr)) ḥꜣ ḏr.t =ꞽ 〈r〉 tm.t ꞽri̯ =w 〈m〉 pꜣy =k wbꜣ {r},False,True,108241,Ramses,RAMSES_AC250778617F,S_train_051651,Late Egyptian,bw wꜣḥ =ꞽ nfr ḥꜣ ḏr.t =ꞽ <r> tm ꞽry =w <m> pꜣy.k wbꜣ r,False,False,
XED_149,BBAW<->TLA,0.888889,2707,TLA,TLA_EARLIER_2709,S2709,Earlier Egyptian,tʾ ḫꜣ ḥnq.t ḫꜣ ꞽḥ mnḫ.t ḫꜣ šs ḫꜣ ꜣpd mꜣ-ḥḏ,True,True,61656,BBAW,bbaw_egyptian_2018,B055346,Unspecified (BBAW),mnḫ.t ꜣpd mꜣ-ḥḏ ḫꜣ šs ꞽḥ ḫꜣ,False,True,
XED_150,Ramses<->TLA,0.875,15640,TLA,TLA_LATE_2874,S2874,Late Egyptian,m-ꞽri̯ ḥmsi̯ m-bꜣḥ ꜥꜣ r =k,True,True,79919,Ramses,RAMSES_5C0D63F1DABD,S_train_002329,Late Egyptian,m ꞽrꞽ ḥmsꞽ.t m-bꜣḥ ꜥꜣ r =k,True,False,
XED_151,AES<->BBAW,0.875,24477,AES,AES_4D89FFCB6821,S4D89FFCB6821,Unspecified (AES),qꜣw n bnꞽ 1/64 qꜣw n ḏꜣr.t 1/64 mstꜣ 1/8,True,True,29200,BBAW,bbaw_egyptian_2018,B067100,Unspecified (BBAW),n bnꞽ 1/64 n ḏꜣr.t 1/64 mstꜣ 1/8,True,True,
XED_152,AES<->Ramses,0.75,20793,AES,AES_B70CF97486CB,SB70CF97486CB,Unspecified (AES),ꞽw pꜣ mnꞽꜣ.w ḥr ḏd n =f,True,True,81916,Ramses,RAMSES_13F3241E7597,S_train_005465,Late Egyptian,ꞽw =f (ḥr) ḏd n =w,False,False,
XED_153,AES<->TLA,0.857143,7488,TLA,TLA_EARLIER_7490,S7490,Earlier Egyptian,wr ḏi̯ =f n pḥ.n z,True,True,21745,AES,AES_832CF2A768BA,S832CF2A768BA,Unspecified (AES),ꞽw wr ḏi̯ =f n pḥ.n z,True,True,de
XED_154,BBAW<->Ramses,0.875,33331,BBAW,bbaw_egyptian_2018,B001858,Unspecified (BBAW),Ḥr.w Kꜣ-nḫt-ḫꜥ-m-Wꜣs.t,False,True,94745,Ramses,RAMSES_5BECC2A795DF,S_train_027236,Late Egyptian,ḥr kꜣ nḫt ḫꜥ m wꜣs.t,True,False,
XED_155,BBAW<->TLA,0.888889,2737,TLA,TLA_EARLIER_2739,S2739,Earlier Egyptian,ṯwt zꜣ wr n(.ꞽ) šw wt.w =f,True,True,74681,BBAW,bbaw_egyptian_2018,B093448,Unspecified (BBAW),ṯwt zꜣ wr n(.ꞽ) {ṯ}Šw wt.w =f,False,True,
XED_156,Ramses<->TLA,0.875,15703,TLA,TLA_LATE_2937,S2937,Late Egyptian,bn ꞽw =k rḫ r ꞽri̯ =f,True,True,81474,Ramses,RAMSES_800F267964C4,S_train_004760,Late Egyptian,bn ꞽw =k (r) rḫ r ꞽrꞽ.t =f,False,False,
XED_157,AES<->BBAW,0.875,20597,AES,AES_52E60CA377F6,S52E60CA377F6,Unspecified (AES),bw-ꜥꜣ n.(ꞽ) ꜥḥꜣ n mꜣꜣ.n.tw =f,True,True,26222,BBAW,bbaw_egyptian_2018,B004829,Unspecified (BBAW),{ꞽw} bw-ꜥꜣ n.(ꞽ) ꜥḥꜣ n mꜣꜣ.n.tw =f,True,True,
XED_158,AES<->Ramses,0.75,17140,AES,AES_CBFEA6C311B5,SCBFEA6C311B5,Unspecified (AES),ꜥḥꜥ.n wḥm.n =f spr r pꜣ nṯr ꜥꜣ m-ḏd,True,True,78533,Ramses,RAMSES_01642EBCD57F,S_train_000182,Late Egyptian,ꜥḥꜥ.n wḥm.n =f spr m-bꜣḥ pꜣ ꜥꜣ nṯr,False,False,
XED_159,AES<->TLA,0.857143,9264,TLA,TLA_EARLIER_9266,S9266,Earlier Egyptian,ḥtp-ḏi̯ nswt ḥtp-ḏi̯ ꞽnp.w tp.ꞽ-ḏw= ꞽm.ꞽ-wt nb-tꜣ-ḏsr,True,True,22550,AES,AES_2A2973A48A2A,S2A2973A48A2A,Unspecified (AES),ḥtp-ḏi̯-nswt ꞽnp.w tp(.ꞽ)-ḏw=f ꞽm(.ꞽ)-wt nb-tꜣ-ḏsr,True,True,de
XED_160,BBAW<->Ramses,0.875,33762,BBAW,bbaw_egyptian_2018,B002328,Unspecified (BBAW),di.n n =k ꜣw.t-ꞽb nb ḫr =k,False,True,99506,Ramses,RAMSES_BAA09365513E,S_train_035585,Late Egyptian,dꞽ.n =(ꞽ) n =k ꜣw.t-ꞽb nb.t,False,False,
XED_161,BBAW<->TLA,0.888889,2881,TLA,TLA_EARLIER_2883,S2883,Earlier Egyptian,ḥtp-di̯-nswt ꞽnp.w nṯr.PL nb.PL tꜣ-ḏsr,True,True,26246,BBAW,bbaw_egyptian_2018,B005120,Unspecified (BBAW),ḥtp-di̯-nswt nṯr.pl nb.pl Tꜣ-ḏsr,True,True,
XED_162,Ramses<->TLA,0.875,15731,TLA,TLA_LATE_2965,S2965,Late Egyptian,btꜣ.w =ꞽ ḥr ꞽb =k m ꞽḫ,True,True,107389,Ramses,RAMSES_9D49C55A7127,S_train_050134,Late Egyptian,btꜣ =ꞽ ḥr ꞽb =k m ꞽḫ,True,False,
XED_163,AES<->BBAW,0.875,23774,AES,AES_69E654BBAC57,S69E654BBAC57,Unspecified (AES),šp =k tm.ṱ m(w)t m(w)t.t ḥm(.t).pl-rʾ,True,True,28955,BBAW,bbaw_egyptian_2018,B065572,Unspecified (BBAW),šp =k m(w)t m(w)t.t ḥm(.t).pl-rʾ,True,True,
XED_164,AES<->Ramses,0.75,20270,AES,AES_D83F11F53859,SD83F11F53859,Unspecified (AES),ꞽw =k ꞽr =f n =n m ꞽr.w =k mꜣꜥ,True,True,113451,Ramses,RAMSES_8B8058ADA89E,S_train_061421,Late Egyptian,ꞽw mꜣꜣ =k ꞽr.n =f,True,False,
XED_165,AES<->TLA,0.857143,13890,TLA,TLA_LATE_1121,S1121,Late Egyptian,sšsꜣ ns =k mꞽ wn =f,True,True,22563,AES,AES_CD32B40A8B30,SCD32B40A8B30,Unspecified (AES),sšsꜣ ns.t =k mꞽ wn =f,True,True,de
XED_166,BBAW<->Ramses,0.875,33961,BBAW,bbaw_egyptian_2018,B002535,Unspecified (BBAW),wn.ꞽn ḫꜣs.t nb m wꜣḥ tp ẖr rd.du n nṯr-nfr pn,False,True,95340,Ramses,RAMSES_A1145A44F309,S_train_028266,Late Egyptian,wn.ꞽn ḫꜣs.t nb.t m wꜣḥ-tp ẖr rd.wy n nṯr nfr pn,True,False,
XED_167,BBAW<->TLA,0.888889,2898,TLA,TLA_EARLIER_2900,S2900,Earlier Egyptian,ꞽyi̯.t(ꞽ) n bꜣ =k (w)sꞽr bꜣ ꞽm(.ꞽ) ꜣḫ.PL sḫ(m) ꞽm(.ꞽ) s.t.PL =f nḏ.w psḏ(.t) m ḥw(.t)-sr,True,True,74529,BBAW,bbaw_egyptian_2018,B093154,Unspecified (BBAW),[ꞽyi̯.t(ꞽ)] [n] [bꜣ] =[k] [(W)sr(.w)] [bꜣ] [ꞽm(.ꞽ)] [ꜣḫ.pl] [sḫ(m)] [ꞽm(.ꞽ)] [s.t.pl] =[f] nḏ.ꞽw ⸢Psḏ(.t)⸣ [m] [ḥw(.t)-sr],False,True,
XED_168,Ramses<->TLA,0.875,13109,TLA,TLA_LATE_339,S339,Late Egyptian,r-n.tꞽ pꜣ pr n nṯr n.tꞽ r-ḫt pꜣy =ꞽ nb m-sšr ꞽqr ḏrꞽ mnḫ,True,True,105132,Ramses,RAMSES_A0229D4B8EDC,S_train_045955,Late Egyptian,r-nty pꜣ pr n pꜣ nṯr nty r-ḫt pꜣy.ꞽ nb m-sšr r-ꞽqr ḏrꞽ mnḫ,True,False,
XED_169,AES<->BBAW,0.875,20044,AES,AES_7EA736527E50,S7EA736527E50,Unspecified (AES),ꞽri̯.n =ꞽ n =k rn =k m-ẖnw spꜣ.t.pl nb ꞽꜣ.t.pl nb mn ẖr snd =k,True,True,30915,BBAW,bbaw_egyptian_2018,B076477,Unspecified (BBAW),rdi̯.n =ꞽ rn =k m-ẖnw spꜣ.t.pl nb ꞽꜣ.t.pl nb mn ẖr snd =k,True,True,
XED_170,AES<->Ramses,0.75,19435,AES,AES_DA1E590A1E0C,SDA1E590A1E0C,Unspecified (AES),ꞽw =f n ꞽr.t-ḥr,True,True,117497,Ramses,RAMSES_9367AA51186C,S_test_000762,Late Egyptian,ꞽw =tw (ḥr) rdꞽ.t n =f ꞽr.t =f,False,False,
XED_171,AES<->TLA,0.857143,14479,TLA,TLA_LATE_1712,S1712,Late Egyptian,ꞽḫ qd =k wꜥ-n s.t-ḥm.t n bꜣ~tʾ tm =f ḥmsi̯ wꜥi̯,True,True,20888,AES,AES_FA109B5FB422,SFA109B5FB422,Unspecified (AES),ꞽḫ qd =k wꜥ-n s.t-ḥm.t n bꜣ~tʾ tm =k〈f〉 ḥmsi̯ wꜥi̯,True,True,de
XED_172,BBAW<->Ramses,0.875,34622,BBAW,bbaw_egyptian_2018,B003284,Unspecified (BBAW),[r]-ꞽqr hr.t ꞽty nb =n,False,True,85120,Ramses,RAMSES_74F393704643,S_train_010641,Late Egyptian,nfr.t r-ꞽqr hr.t ꞽty nb =n,True,False,
XED_173,BBAW<->TLA,0.888889,389,TLA,TLA_EARLIER_390,S390,Earlier Egyptian,ꞽ:nḏ ḥr =k ḥr-wr nḏ-ꞽt=f m ḥtp,True,True,26716,BBAW,bbaw_egyptian_2018,B011848,Unspecified (BBAW),ꞽ:nḏ ḥr =k nḏ-ꞽt=f m ḥtp,True,True,
XED_174,Ramses<->TLA,0.875,13218,TLA,TLA_LATE_448,S448,Late Egyptian,ꞽw =f ḥr ḏd n ḥr.w ḥnꜥ stẖ,True,True,96143,Ramses,RAMSES_81EDC5C317E9,S_train_029673,Late Egyptian,ꞽw =f ḥr ḏd n ḥr ḥnꜥ stḫ,True,False,
XED_175,AES<->BBAW,0.875,18162,AES,AES_838B0C3891FC,S838B0C3891FC,Unspecified (AES),sꜥꜣ =f ṱ =k m pr-ꜥꜣ,True,True,30135,BBAW,bbaw_egyptian_2018,B073025,Unspecified (BBAW),sꜥꜣ =f ṱ =k m pr-ꜥꜣ {tw},True,True,
XED_176,AES<->Ramses,0.75,21693,AES,AES_DBA42FC94E03,SDBA42FC94E03,Unspecified (AES),nꜥyꜣ.t.t =k smn.tꞽ m wꜣs.t,True,True,117094,Ramses,RAMSES_3D64F8612440,S_val_001805,Late Egyptian,nꜥy.t =k smn.tꞽ m wꜣs.t,True,False,
XED_177,AES<->TLA,0.857143,15335,TLA,TLA_LATE_2569,S2569,Late Egyptian,ꞽw =f ḥr snnꞽ =f ḥr ḥꜥ =f nb,True,True,22013,AES,AES_5AF55BD046E4,S5AF55BD046E4,Unspecified (AES),ꞽw =f ḥr snnꞽ =f ḥr ḥꜥ.t =f nb.t,True,True,de
XED_178,BBAW<->Ramses,0.875,34722,BBAW,bbaw_egyptian_2018,B003425,Unspecified (BBAW),[ꜥš].n =f n-ḥꜣ =ꞽ m ḥr n ḥr,False,True,93330,Ramses,RAMSES_8D83618CD457,S_train_024702,Late Egyptian,ꜥš =f n-ḥꜣ =ꞽ m ḥr n ḥr n ḥr =k,True,False,
XED_179,BBAW<->TLA,0.888889,4002,TLA,TLA_EARLIER_4004,S4004,Earlier Egyptian,ḏ(wi̯).t r p.t zpꜣ ḥr.w r tꜣ,True,True,73575,BBAW,bbaw_egyptian_2018,B091040,Unspecified (BBAW),ḏ.t r p.t zpꜣ Ḥr.w r tꜣ,False,True,
XED_180,Ramses<->TLA,0.875,13267,TLA,TLA_LATE_497,S497,Late Egyptian,m-ꞽri̯ ḥḏi̯ ꞽb ḥr ḏs =k,True,True,110957,Ramses,RAMSES_2F30C5849CD1,S_train_056749,Late Egyptian,m ꞽrꞽ ḥḏꞽ.t ꞽb ḥr ḏs =k,True,False,
XED_181,AES<->BBAW,0.875,21019,AES,AES_85045BFE5311,S85045BFE5311,Unspecified (AES),nfr ḥr n nbw m ꞽn.t r nw.t m nhp ꞽꜥi̯ nṯr nn šnꜥ ___ m ḏw,True,True,26632,BBAW,bbaw_egyptian_2018,B011065,Unspecified (BBAW),nfr ḥr n Nbw m ꞽn.t r m nhp ꞽꜥi̯ nṯr nn šnꜥ ___ m,True,True,
XED_182,AES<->Ramses,0.733333,16463,AES,AES_1AE2503F4666,S1AE2503F4666,Unspecified (AES),ḏd.n =s ꜥnḫ pn m-bꜣḥ qnb.t sḏm.ypl n pr-wsꞽr,True,True,84462,Ramses,RAMSES_DE3E47671172,S_train_009587,Late Egyptian,ḏd.n =s ꜥnḫ pn m-bꜣḥ qnb.t sḏmy.w n pr-wsꞽr,True,False,
XED_183,AES<->TLA,0.857143,16356,TLA,TLA_LATE_3590,S3590,Late Egyptian,šzp nꜣy =w ꜥꜣ~gꜣ~sꜣ,True,True,22556,AES,AES_C10A1644CFC4,SC10A1644CFC4,Unspecified (AES),šzp nꜣy =w ꜥꜣ~gꜣ~nꜣ~sꜣ,True,True,de
XED_184,BBAW<->Ramses,0.875,34745,BBAW,bbaw_egyptian_2018,B003476,Unspecified (BBAW),ḫꜣꜥ =ꞽ [n] =[tn] nꜣy.w =[t]n bꜣk.pl,False,True,83923,Ramses,RAMSES_83DA38DF6D4B,S_train_008716,Late Egyptian,ḫꜣꜥ =<ꞽ> <n> =tn nꜣy.tn bꜣk.w,False,False,
XED_185,BBAW<->TLA,0.888889,4118,TLA,TLA_EARLIER_4120,S4120,Earlier Egyptian,ꞽyi̯.n n =f ꞽtr.tꞽ.DU m ks.w.PL,True,True,26293,BBAW,bbaw_egyptian_2018,B005743,Unspecified (BBAW),⸢⸮ꞽyi̯?⸣.n n =f ꞽtr.du ⸢m⸣-k⸢s⸣.w,True,True,
XED_186,Ramses<->TLA,0.875,13500,TLA,TLA_LATE_730,S730,Late Egyptian,ꞽw pꜣ ẖrd.w ḥr ḏd n =f,True,True,95645,Ramses,RAMSES_E94073C90162,S_train_028791,Late Egyptian,ꞽw pꜣ ẖrd ḥr ḏd n =f,True,False,
XED_187,AES<->BBAW,0.875,20591,AES,AES_92CC94BB4484,S92CC94BB4484,Unspecified (AES),ꞽwi̯ =s pw nfr m-ḥtp.w =ꞽ,True,True,39353,BBAW,bbaw_egyptian_2018,B014848,Unspecified (BBAW),ꞽwi̯=s-pw nfr m-ḥtp.w,False,True,
XED_188,AES<->Ramses,0.727273,20892,AES,AES_4A6D9F83E004,S4A6D9F83E004,Unspecified (AES),nn ꞽw =ꞽ r ḫpr m s.t ꞽw =k ꞽm =sn〈t〉,True,True,106110,Ramses,RAMSES_8D4E0214E79A,S_train_047786,Late Egyptian,nn ꞽw =ꞽ r ḫpr m s.t,True,False,
XED_189,AES<->TLA,0.852941,6363,TLA,TLA_EARLIER_6365,S6365,Earlier Egyptian,ḏd.ꞽn =k r =f ẖr.ꞽ wbn.w n(.ꞽ) kf.t m tp =f (ꞽ)ꜥr n qs pšn ḏnn.t =f ḏi̯ =f snf m msꜣḏ.t.DU =fꞽ m msḏr.DU =fꞽ mn =f ṯs.w m nḥb.t =f mr ꜥḥꜣ =ꞽ ḥnꜥ,True,True,24989,AES,AES_E9FE13543782,SE9FE13543782,Unspecified (AES),ḏd.ꞽn =k r =f ẖr〈.ꞽ〉 wbn.w n(.ꞽ) kf.t m tp =f (ꞽ)ꜥr n qs thm tpꜣ.w.pl n.w ḏnn.t =f ḥtr wꜣ.t n.t ꜥr.t.du =fꞽ ḏi̯ =f snf m msꜣḏ.t.du =fꞽ m msḏr.du =fꞽ mn =f ṯs.w m nḥb.t =f mr ꜥḥꜣ =ꞽ ḥnꜥ,True,True,de
XED_190,BBAW<->Ramses,0.875,34922,BBAW,bbaw_egyptian_2018,B003790,Unspecified (BBAW),ꞽw bw ꞽyi̯ wꜥ ꞽ:m =tn r sḏd.t wp.t.ṱ =f m pꜣ tꜣ n Km.t,False,True,112510,Ramses,RAMSES_AB5F38DCA4D8,S_train_059687,Late Egyptian,ꞽw bw ꞽw wꜥ m =tn r sḏd wp.t =f m pꜣ tꜣ n km.t,True,False,
XED_191,BBAW<->TLA,0.888889,4132,TLA,TLA_EARLIER_4134,S4134,Earlier Egyptian,ꜥnḫ.tꞽ m ꜥnḫ nḏdḏd =k m ḏd.(w)t,True,True,73596,BBAW,bbaw_egyptian_2018,B091118,Unspecified (BBAW),ꜥnḫ.tꞽ m ꜥnḫ{nk} nḏdḏd =k m Ḏd.(w)t,False,True,
XED_192,Ramses<->TLA,0.875,13549,TLA,TLA_LATE_779,S779,Late Egyptian,nn sw ḥr-ꜥ =ꞽ m grḥ,True,True,116356,Ramses,RAMSES_ECFDB13E2376,S_val_000233,Late Egyptian,nn sw ḥr-ꜥ.wy =ꞽ m grḥ,True,False,
XED_193,AES<->BBAW,0.875,24096,AES,AES_9F204BCE95BF,S9F204BCE95BF,Unspecified (AES),ḥꜣ.t-ꜥ-m pẖr.t n.t srwd šnꞽ,True,True,29012,BBAW,bbaw_egyptian_2018,B066048,Unspecified (BBAW),ḥꜣ.t-ꜥ-m pẖr.t n.t šnꞽ,True,True,
XED_194,AES<->Ramses,0.727273,22657,AES,AES_67D0EF6E6917,S67D0EF6E6917,Unspecified (AES),ꞽw =st 〈r-〉ꞽḫ n =ꞽ tꜣy =t wḫꜣ.t,True,True,80183,Ramses,RAMSES_8110A0B303A9,S_train_002746,Late Egyptian,ꞽw =s <r> ꞽḫ n =ꞽ tꜣy.ṯ wḫꜣ.t,False,False,
XED_195,AES<->TLA,0.85,16323,TLA,TLA_LATE_3557,S3557,Late Egyptian,pri̯ pw ꞽri̯.n tꜣ ꜥḏd.wt r qdi̯ ẖr.ꞽ pꜣ ꜥš n.tꞽ r-gs pꜣy =st pr,True,True,20895,AES,AES_CF860ED8E2A1,SCF860ED8E2A1,Unspecified (AES),pri̯ pw ꞽri̯.n tꜣ ꜥḏd.w(t) r qdi̯.pl ẖr.ꞽ pꜣ ꜥš n.tꞽ r-gs pꜣy =st pr,True,True,de
XED_196,BBAW<->Ramses,0.875,35825,BBAW,bbaw_egyptian_2018,B005801,Unspecified (BBAW),sbꜣ.pl nfr.w.pl {smḥ} 〈mḏḥ〉 m-mꜣw.t,False,True,105561,Ramses,RAMSES_BC8173861949,S_train_046763,Late Egyptian,sbꜣ.w nfr.w mḏḥ m-mꜣw.t,True,False,
XED_197,BBAW<->TLA,0.888889,4221,TLA,TLA_EARLIER_4223,S4223,Earlier Egyptian,rḏi̯.n gbb ḏi̯ n =k sndu ḥr.w ḥtp =k ḥr =sndu,True,True,71847,BBAW,bbaw_egyptian_2018,B087364,Unspecified (BBAW),rḏi̯.n Gbb rḏi̯ n =k sndu Ḥr.w ḥtp =k ḥr =sndu,False,True,
XED_198,Ramses<->TLA,0.866667,15530,TLA,TLA_LATE_2764,S2764,Late Egyptian,ns-sw ḥr.ꞽ-ḥr.ꞽ pꜣy =ꞽ nb nꜣ ktḫ.w ꜥꜣ.yw.PL n km.t,True,True,102387,Ramses,RAMSES_03B1D8C4F7CD,S_train_040912,Late Egyptian,ns-sw ḥry-ḥr pꜣy.ꞽ nb nꜣ ktḫ ꜥꜣ.w n km.t,True,False,
XED_199,AES<->BBAW,0.875,25645,AES,AES_C2885972B857,SC2885972B857,Unspecified (AES),qꜣw n ḏꜣr.t 1 qꜣw n tꞽḥwꜣ 1 qꜣw n ḫt-ds 1,True,True,29685,BBAW,bbaw_egyptian_2018,B070717,Unspecified (BBAW),n ḏꜣr.t 1 n tꞽḥwꜣ 1 n ḫt-ds 1,True,True,
XED_200,AES<->Ramses,0.727273,16729,AES,AES_6AADDB8E5E56,S6AADDB8E5E56,Unspecified (AES),bn sni̯ =ꞽ sw r ꞽmn.tt r nḥḥ ḏ.t,True,True,95763,Ramses,RAMSES_6C407425A017,S_train_028992,Late Egyptian,bn sn =ꞽ sw r ꞽmn.t r nḥḥ ḏ.t,True,False,
XED_201,AES<->TLA,0.846154,12764,TLA,TLA_EARLIER_12766,S12766,Earlier Egyptian,di̯.t(w) n =f ꜥ.DU m nšm(.t) ḥr wꜣ.t.PL ꞽmn.t,True,True,20931,AES,AES_E358A3A283C4,SE358A3A283C4,Unspecified (AES),rḏi̯.t(w) n =f ꜥ.du m nšm.t ḥr wꜣ.t.pl ꞽmn.t,True,True,de
XED_202,BBAW<->Ramses,0.875,35993,BBAW,bbaw_egyptian_2018,B006381,Unspecified (BBAW),r pꜣ nṯr (r) rḫ ꜥn n =f,False,True,103740,Ramses,RAMSES_332ED9FC84D2,S_train_043342,Late Egyptian,ꞽrꞽ pꜣ nṯr (r) rḫ ꜥn n =f,False,False,
XED_203,BBAW<->TLA,0.888889,4937,TLA,TLA_EARLIER_4939,S4939,Earlier Egyptian,qrs.t =f m ẖr-nṯr nb-ꞽmꜣḫ,True,True,58570,BBAW,bbaw_egyptian_2018,B049201,Unspecified (BBAW),qrs.t =f (m) ẖr(.t)-nṯr nb-ꞽmꜣḫ-ḫr-nṯr-ꜥꜣ,False,True,
XED_204,Ramses<->TLA,0.857143,112571,Ramses,RAMSES_1A512355DD89,S_train_059803,Late Egyptian,ꞽw =f r-ḥꜣ.t =n,True,False,130083,TLA,TLA_DEMOTIC_95AB5B8D3096,S95AB5B8D3096,Demotic,tw =n ꞽw r-ḥꜣ.ṱ =f,False,True,
XED_205,AES<->BBAW,0.875,23534,AES,AES_C695AFD99966,SC695AFD99966,Unspecified (AES),qꜣw n mm 1/64 mrḥ.t ꜣpd 1/64 bꞽ.t 1/64,True,True,28858,BBAW,bbaw_egyptian_2018,B064862,Unspecified (BBAW),n mm 1/64 mrḥ.t ⸮ꜣpd? 1/64 bꞽ.t 1/64,True,True,
XED_206,AES<->Ramses,0.714286,18360,AES,AES_00A80E09B9A0,S00A80E09B9A0,Unspecified (AES),ꜣpd ꞽb =s n mrw.t =k,True,True,90251,Ramses,RAMSES_1A4212C5BD4F,S_train_019320,Late Egyptian,mrw.t =k mrw.t n ꜣpd,True,False,
XED_207,AES<->TLA,0.846154,5975,TLA,TLA_EARLIER_5977,S5977,Earlier Egyptian,wḏi̯.n =ꞽ wn hrw ḫpi̯.n =ꞽ z ꜥḥꜥ m rʾ-wꜣ.t,True,True,21846,AES,AES_D67B56C672C5,SD67B56C672C5,Unspecified (AES),ḥḏ〈wḏi̯〉.n =ꞽ wn hrw ḫpi̯.n =ꞽ z ꜥḥꜥ m rʾ-wꜣ.t,True,True,de
XED_208,BBAW<->Ramses,0.875,36850,BBAW,bbaw_egyptian_2018,B008176,Unspecified (BBAW),bw ḫpr wp[w.t] m-ḏr.t =ꞽ,False,True,107301,Ramses,RAMSES_EEB13DA9DC1A,S_train_049969,Late Egyptian,bw ḫpr wp.t m ḏr.t =ꞽ,True,False,
XED_209,BBAW<->TLA,0.888889,5648,TLA,TLA_EARLIER_5650,S5650,Earlier Egyptian,pr(.t)-ḫrw n =f m ꞽz =f n ẖr.t-nṯr,True,True,64038,BBAW,bbaw_egyptian_2018,B060360,Unspecified (BBAW),pr-ḫrw n =f m ꞽz =f n(.ꞽ) ẖr-nṯr,False,True,
XED_210,Ramses<->TLA,0.857143,12777,TLA,TLA_LATE_006,S006,Late Egyptian,nḏnḏ m-di̯ rḫ.y r =k,True,True,80694,Ramses,RAMSES_20B87B3BC82D,S_train_003533,Late Egyptian,nḏnḏ m-dꞽ rḫ r =k,True,False,
XED_211,AES<->BBAW,0.875,18198,AES,AES_CCE77213322C,SCCE77213322C,Unspecified (AES),gb fꜣi̯ =f n =k ḥtp.pl,True,True,30505,BBAW,bbaw_egyptian_2018,B073988,Unspecified (BBAW),Gb fꜣi̯ =f n =k {m} ḥtp.pl,True,True,
XED_212,AES<->Ramses,0.714286,26181,AES,AES_151B34B3FB6C,S151B34B3FB6C,Unspecified (AES),zꜣ =f ꞽmn-m-ꞽp.t,True,True,108165,Ramses,RAMSES_19502A80B6BC,S_train_051516,Late Egyptian,sꜣ =f ꞽmn-m-ꞽp.t,True,False,
XED_213,AES<->TLA,0.846154,15301,TLA,TLA_LATE_2535,S2535,Late Egyptian,ꞽw =tw ḥr ḏi̯.t wꜥ.w.PL nb.w nfr.w ẖr.ꞽ =sn,True,True,22362,AES,AES_72F11BDEF828,S72F11BDEF828,Unspecified (AES),ꞽw =tw ḥr ꜥ〈ḏi̯〉.t wꜥ.w.pl nb(.w)t nfr.w ẖr.ꞽ =sn,True,True,de
XED_214,BBAW<->Ramses,0.875,37299,BBAW,bbaw_egyptian_2018,B008721,Unspecified (BBAW),m-ꞽri̯ sḫsḫ [r] [pḥ] [pꜣ] pḥ tw,False,True,113075,Ramses,RAMSES_570393DD01B9,S_train_060732,Late Egyptian,bw <m> <ꞽrꞽ> sḫsḫ <r> pḥ pꜣ pḥ tw,False,False,
XED_215,BBAW<->TLA,0.888889,5843,TLA,TLA_EARLIER_5845,S5845,Earlier Egyptian,ḫꜣ ꜣpd ḫꜣ ꜣpd ḫꜣ ꞽḥ ḫꜣ tʾ ḫꜣ mnḫ.t ḫꜣ pꜣ.t ḫꜣ ḥnq.t ḫꜣ bꜣš ḫꜣ ꜣpd ḫꜣ ꜣpd ḫꜣ ꜣpd ḫꜣ šs,True,True,64058,BBAW,bbaw_egyptian_2018,B060427,Unspecified (BBAW),ḫꜣ tʾ ḫꜣ pꜣ.t ḫꜣ ḥnq.t ḫꜣ ꞽḥ ḫꜣ ꜣpd ḫꜣ šs ḫꜣ mnḫ.t ḫꜣ,False,True,
XED_216,Ramses<->TLA,0.857143,12803,TLA,TLA_LATE_032,S032,Late Egyptian,wn.ꞽn stẖ ḥr ḏd n =f,True,True,104557,Ramses,RAMSES_60042318588B,S_train_044856,Late Egyptian,wn.ꞽn stḫ ḥr ḏd n ḥr,True,False,
XED_217,AES<->BBAW,0.875,17470,AES,AES_DBB11E248121,SDBB11E248121,Unspecified (AES),pẖr n =ꞽ ꞽb.pl pꜥ.t.pl,True,True,65955,BBAW,bbaw_egyptian_2018,B072785,Unspecified (BBAW),⸢pẖ⸣r n =⸢ꞽ⸣ ꞽb.⸢pl⸣ ⸢n.w⸣ [pꜥ.t.pl],False,True,
XED_218,AES<->Ramses,0.714286,23272,AES,AES_3D43F360A89D,S3D43F360A89D,Unspecified (AES),ḏd-mdw ꞽn nb.t-ḥw.t,True,True,113083,Ramses,RAMSES_1F4DF32DA21D,S_train_060747,Late Egyptian,ḏd mdw ꞽn bꜣ nb ḏd.t,True,False,
XED_219,AES<->TLA,0.846154,15624,TLA,TLA_LATE_2858,S2858,Late Egyptian,ꞽr pꜣ n.tꞽ ꞽw =t r ḏd =f ꞽw =ꞽ r sḏm =f n =sst,True,True,20890,AES,AES_5EEA41C1968F,S5EEA41C1968F,Unspecified (AES),ꞽr pꜣ n.tꞽ ꞽw =ꞽ〈t〉 r ḏd =f ꞽw =ꞽ r sḏm =f n =sst,True,True,de
XED_220,BBAW<->Ramses,0.875,37426,BBAW,bbaw_egyptian_2018,B008950,Unspecified (BBAW),ḥꜣ.t-ꜥ-m ḥs.t (n) sḫmḫ-ꞽb,False,True,110159,Ramses,RAMSES_B39F0F6153AF,S_train_055242,Late Egyptian,ḥꜣ.t-ꜥ m ḥs.t sḫmḫ-ꞽb,True,False,
XED_221,BBAW<->TLA,0.888889,6091,TLA,TLA_EARLIER_6093,S6093,Earlier Egyptian,ꞽm.ꞽ-rʾ-kꜣ.t-nb.t-n.t-nswt ššꞽ,True,True,58044,BBAW,bbaw_egyptian_2018,B048255,Unspecified (BBAW),[ꞽm.ꞽ-rʾ]-kꜣ.t-nb[.t-n.t-nswt],False,True,
XED_222,Ramses<->TLA,0.857143,12831,TLA,TLA_LATE_060,S060,Late Egyptian,tꜣ ḫ.t rkḥ.ṱ m ẖ.t =f,True,True,98581,Ramses,RAMSES_7AB9E65263D2,S_train_033977,Late Egyptian,tꜣ ḫ.t rkḥ.tw m ẖ.t =f,True,False,
XED_223,AES<->BBAW,0.875,25661,AES,AES_E5C1A3290B22,SE5C1A3290B22,Unspecified (AES),qꜣw n ꜥmꜥꜥ 1 šnf.t 1 mrḥ.t ꜣpd 1,True,True,29683,BBAW,bbaw_egyptian_2018,B070713,Unspecified (BBAW),n ꜥmꜥꜥ 1 šnf.t 1 mrḥ.t ⸮ꜣpd? 1,True,True,
XED_224,AES<->Ramses,0.714286,18898,AES,AES_3F02BFD7CFCC,S3F02BFD7CFCC,Unspecified (AES),ꞽn ꜣs.t ḏd n rꜥw,True,True,79000,Ramses,RAMSES_68079AE47D18,S_train_000881,Late Egyptian,ḏd.ꞽn ꜣs.t n rꜥ,True,False,
XED_225,AES<->TLA,0.846154,15763,TLA,TLA_LATE_2997,S2997,Late Egyptian,ꞽwꞽ ḥꜥpꞽ r trꞽ =f n.t.PL ḫpr.w m ẖnw =k,True,True,21689,AES,AES_C9DECDC956F8,SC9DECDC956F8,Unspecified (AES),ꞽwꞽ ḥꜥpꞽ r trꞽ =f n.tꞽ.pl ḫpr.w m ẖnw =k,True,True,de
XED_226,BBAW<->Ramses,0.875,37447,BBAW,bbaw_egyptian_2018,B008971,Unspecified (BBAW),bw grg =〈ꞽ〉 pḫꜣ{.t} m pꜣ-hrw ={ꞽ},False,True,114501,Ramses,RAMSES_AA28192D2570,S_train_063447,Late Egyptian,bw grg =<ꞽ> pḫꜣ m pꜣ hrw ꞽ,False,False,
XED_227,BBAW<->TLA,0.888889,6329,TLA,TLA_EARLIER_6331,S6331,Earlier Egyptian,ḫꜣ tʾ ḫꜣ ḥnq.t ḫꜣ šs ḫꜣ mnḫ.t ḫꜣ ꜣpd ḫꜣ ꞽḥ ḫꜣ mꜣ-ḥḏ,True,True,63569,BBAW,bbaw_egyptian_2018,B059353,Unspecified (BBAW),ḫꜣ šs ḫꜣ mnḫ.t ḫꜣ tʾ ḫꜣ ḥnq.t ḫꜣ ꞽḥ ḫꜣ ꜣpd ḫꜣ mꜣ,False,True,
XED_228,Ramses<->TLA,0.857143,12881,TLA,TLA_LATE_110,S110,Late Egyptian,ꞽ:yꜣ bn ꞽw =f r =ꞽ ꞽw =f i:r =k,True,True,95089,Ramses,RAMSES_53D86F6A9A92,S_train_027830,Late Egyptian,yꜣ bn ꞽw =f r =ꞽ,True,False,
XED_229,AES<->BBAW,0.875,25424,AES,AES_ECE047CA5802,SECE047CA5802,Unspecified (AES),k.t n.t dr ḫnt m dp m sdm,True,True,29568,BBAW,bbaw_egyptian_2018,B069706,Unspecified (BBAW),k.t n.t dr ḫnt m dp m,True,True,
XED_230,AES<->Ramses,0.714286,17778,AES,AES_401B38D3B111,S401B38D3B111,Unspecified (AES),ḫpr.n ḫpr.w =f m ꞽwn.w,True,True,107525,Ramses,RAMSES_71C1DF4669B2,S_train_050355,Late Egyptian,ḫpr.n =f m ḫmny.w,True,False,
XED_231,AES<->TLA,0.833333,10423,TLA,TLA_EARLIER_10425,S10425,Earlier Egyptian,ḏd.t(w) n =f ꞽyi̯.w m-ḥtp ꞽn wr.PL-n.w-ꜣbḏ.w,True,True,21459,AES,AES_09DFFFA7387F,S09DFFFA7387F,Unspecified (AES),ḏd.t(w) n =f ꞽwi̯ m ḥtp ꞽn wr.pl n.w ꜣbḏ.w,True,True,de
XED_232,BBAW<->Ramses,0.875,37835,BBAW,bbaw_egyptian_2018,B010155,Unspecified (BBAW),[⸮dnꞽ.t?] pw [⸮〈n〉?] spr r =f grḥ,False,True,88914,Ramses,RAMSES_B50CBC5AF245,S_train_017007,Late Egyptian,dnꞽ pw <n> spr r =f grḥ,False,False,
XED_233,BBAW<->TLA,0.888889,6406,TLA,TLA_EARLIER_6408,S6408,Earlier Egyptian,ꞽyi̯.n wnꞽs n smꜣ =f mꞽ ꞽw.t nṯr n smꜣ =f,True,True,68264,BBAW,bbaw_egyptian_2018,B080665,Unspecified (BBAW),ꞽyi̯.n =f n smꜣ =f mꞽ ꞽw.t nṯr n smꜣ =〈f〉,False,True,
XED_234,Ramses<->TLA,0.857143,13963,TLA,TLA_LATE_1194,S1194,Late Egyptian,ꞽw tꜣy =ꞽ mw.t ḥr mt,True,True,110140,Ramses,RAMSES_1BF6AD306CFC,S_train_055205,Late Egyptian,ꞽw tꜣy.ꞽ mw.t ḥr mw.t,True,False,
XED_235,AES<->BBAW,0.875,24959,AES,AES_EE0DF11AAFDD,SEE0DF11AAFDD,Unspecified (AES),ḏd.ꞽn =k r =f ẖr〈.ꞽ〉 sd m msꜣḏ.t =f mr n ꞽri̯.w nꞽ,True,True,29417,BBAW,bbaw_egyptian_2018,B068613,Unspecified (BBAW),ḏd.ꞽn =k r =f ẖr〈.ꞽ〉 sd m mr n ꞽri̯.w nꞽ,True,True,
XED_236,AES<->Ramses,0.714286,17330,AES,AES_40BE97EDAFD5,S40BE97EDAFD5,Unspecified (AES),wḏꜣ pw ꞽri̯.n ḥm =f,True,True,108552,Ramses,RAMSES_91259DB46B81,S_train_052227,Late Egyptian,nḏm pw ꞽrꞽ.n ḥm =f,True,False,
XED_237,AES<->TLA,0.833333,1796,TLA,TLA_EARLIER_1797,S1797,Earlier Egyptian,zꜣ.t =f mri̯.t =f nb.t-ꞽt=f,True,True,21898,AES,AES_69B3B8F1B16D,S69B3B8F1B16D,Unspecified (AES),zꜣ.t =f nb.t-ꞽt=f,True,True,de
XED_238,BBAW<->Ramses,0.875,38890,BBAW,bbaw_egyptian_2018,B013160,Unspecified (BBAW),[Rꜥ] [pw] [mꜣꜣ] [⸮m?] [stw.t] =f,False,True,88605,Ramses,RAMSES_579CC48EC1F3,S_train_016473,Late Egyptian,rꜥ pw mꜣꜣ =<tw> m stw.t =f,False,False,
XED_239,BBAW<->TLA,0.888889,680,TLA,TLA_EARLIER_681,S681,Earlier Egyptian,ḏ.t ꞽr p.t zpꜣ ḥr.w ꞽr tꜣ,True,True,69412,BBAW,bbaw_egyptian_2018,B082659,Unspecified (BBAW),ḏ(wi̯.w)t ꞽr p.t zpꜣ Ḥr.w ꞽr tꜣ,False,True,
XED_240,Ramses<->TLA,0.857143,12893,TLA,TLA_LATE_122,S122,Late Egyptian,ꞽw =ꞽ ḥr ḏd n =s,True,True,106442,Ramses,RAMSES_BFCB0E620F75,S_train_048371,Late Egyptian,ꞽw =f =s ḥr ḏd n =ꞽ =<s>,False,False,
XED_241,AES<->BBAW,0.875,17453,AES,AES_F472084BAB6B,SF472084BAB6B,Unspecified (AES),ꞽri̯.n =f hrw.pl ꜥšꜣ.tpl ḥr ḥwi̯.t m mḥ 1 rꜥw-nb,True,True,65815,BBAW,bbaw_egyptian_2018,B072461,Unspecified (BBAW),ꞽri̯.n =[f] [hrw].⸢pl⸣ [ꜥšꜣ.tpl] [ḥr] [ḥwi̯].t ⸢m⸣ ⸢mḥ⸣ [1] [rꜥw-nb],False,True,
XED_242,AES<->Ramses,0.714286,17377,AES,AES_4711FC98B7C8,S4711FC98B7C8,Unspecified (AES),ꜥḥꜥ.n ḥm =f hr ḥr =s,True,True,113986,Ramses,RAMSES_5FE8AE3AE766,S_train_062451,Late Egyptian,ꜥḥꜥ.n =s ḥr ḏd n =f,True,False,
XED_243,AES<->TLA,0.833333,1850,TLA,TLA_EARLIER_1851,S1851,Earlier Egyptian,sdm =f hn.w m rʾ n tꜣ-wr hꜣkr grḥ n sḏr.t m sḏr.yt-n.t-ḥr.w-šn,True,True,20938,AES,AES_0A2CC22281C5,S0A2CC22281C5,Unspecified (AES),sḏm =f hn.w m rʾ n tꜣ-wr hꜣkr grḥ n(.ꞽ) sḏr.t m sḏr.yt-n.t-ḥr.w-šn.y,True,True,de
XED_244,BBAW<->Ramses,0.875,39126,BBAW,bbaw_egyptian_2018,B013894,Unspecified (BBAW),nꜣy =f sꜣḥ-tꜣ.pl (ḥr) ḫꜣꜥ =w pwy,False,True,109931,Ramses,RAMSES_894A2ADD0C48,S_train_054802,Late Egyptian,nꜣy.f sꜣḥ-tꜣ.w (ḥr) ḫꜣꜥ =w,False,False,
XED_245,BBAW<->TLA,0.888889,7658,TLA,TLA_EARLIER_7660,S7660,Earlier Egyptian,(w)sr(.w) n(ꞽ).t šni̯ =k n =k nṯr.PL nb m-ẖnw ꜥ.DU =k tꜣ.PL =sn ꞽsṯ ꞽš.t =sn nb(.t) ꞽsṯ,True,True,68791,BBAW,bbaw_egyptian_2018,B081651,Unspecified (BBAW),(W)sr(.w) Ppy pn šni̯ n ={nb}〈k〉 nṯr nb m-ẖnw ꜥ.du ={nb}〈k〉 tꜣ.pl =sn ꞽš.t.pl =sn nb ꞽsṯ,False,True,
XED_246,Ramses<->TLA,0.857143,12894,TLA,TLA_LATE_123,S123,Late Egyptian,sw m bw.t n rmṯ.PL,True,True,87416,Ramses,RAMSES_3F3838D44563,S_train_014467,Late Egyptian,sw <m> bw.t n rmṯ,False,False,
XED_247,AES<->BBAW,0.875,22396,AES,AES_F7BC066C9905,SF7BC066C9905,Unspecified (AES),ꞽb sṯnꞽ ḥr =s r-ꜣw.pl,True,True,27569,BBAW,bbaw_egyptian_2018,B022251,Unspecified (BBAW),ꞽb sṯnꞽ {n} ḥr =s r-ꜣw.pl,True,True,
XED_248,AES<->Ramses,0.714286,20761,AES,AES_4C562362ADA4,S4C562362ADA4,Unspecified (AES),bw.t =f pw ẖnn(.w),True,True,109511,Ramses,RAMSES_DF60906917FF,S_train_054014,Late Egyptian,bw.t =f pw sbḥ.w,True,False,
XED_249,AES<->TLA,0.833333,1994,TLA,TLA_EARLIER_1995,S1995,Earlier Egyptian,ḫr ḥm nfr wꜣḥ-ꞽb nḥm wꞽ m-ꜥ m(w)t,True,True,22318,AES,AES_9FCC0B3C330F,S9FCC0B3C330F,Unspecified (AES),ḫr nḥm nfr wꜣḥ-ꞽb nḥmn wꞽ m-ꜥ m(w)t,True,True,de
XED_250,BBAW<->Ramses,0.875,39719,BBAW,bbaw_egyptian_2018,B016604,Unspecified (BBAW),ḫꜣs.t nb(.t) ḫpr 〈m〉 mrw.t =f,False,True,100749,Ramses,RAMSES_FF65B9D4F493,S_train_037880,Late Egyptian,ḫꜣs.t nb.t ḫpr.tꞽ m mrw.t =f,True,False,
XED_251,BBAW<->TLA,0.888889,7843,TLA,TLA_EARLIER_7845,S7845,Earlier Egyptian,s(w)ꜥb rʾ =f m nṯr(.ꞽ) ḥzmn ꞽr mn(.t).DU ḫnt(.ꞽ)-n-ꞽr(.t)du s(w)ꜥb ꜥn.t.PL =f ḥr.t ẖr.t,True,True,68707,BBAW,bbaw_egyptian_2018,B081454,Unspecified (BBAW),s(w)ꜥb rʾ =f m nṯr(.ꞽ) ḥzmn ḥr mn.t.du Ḫnt(.ꞽ)-ꞽr.tdu s(w)ꜥb ꜥn.t.pl =f ḥr.t ẖr.t,False,True,
XED_252,Ramses<->TLA,0.857143,14110,TLA,TLA_LATE_1342,S1342,Late Egyptian,nn sw nḏm n nḏ.tw =f,True,True,109706,Ramses,RAMSES_F35ED34B53CA,S_train_054356,Late Egyptian,nn sw nḏm n nḏ =f,True,False,
XED_253,AES<->BBAW,0.866667,20037,AES,AES_0E17525C7CFF,S0E17525C7CFF,Unspecified (AES),ptḥ ḥr di ṯꜣw r fnḏ =k ḫwꜣw ṱ=k mrꞽ(.ty).du ḥr(.ꞽ)-ꞽb pr-ptḥ,True,True,30844,BBAW,bbaw_egyptian_2018,B076150,Unspecified (BBAW),Ptḥ di ṯꜣw r fnḏ =k ḫwꜣw ṱ=k Mry.ty.du ḥr(.ꞽ)-ꞽb Pr-Ptḥ,True,True,
XED_254,AES<->Ramses,0.714286,25553,AES,AES_4D9A7EBE98B6,S4D9A7EBE98B6,Unspecified (AES),ꞽ:nḏ ḥr =k ꞽmn ꞽ:nḏ ḥr =k ptḥ,True,True,89303,Ramses,RAMSES_CF9F3416EF49,S_train_017704,Late Egyptian,ꞽ.nḏ ḥr =k ꞽmn-rꜥ,True,False,
XED_255,AES<->TLA,0.833333,2022,TLA,TLA_EARLIER_2023,S2023,Earlier Egyptian,ḥꜥ.PL =f sḫr.w m nbw,True,True,22681,AES,AES_610B191A205D,S610B191A205D,Unspecified (AES),ḥꜥ.PL =f m nbw,True,True,de
XED_256,BBAW<->Ramses,0.875,27040,BBAW,bbaw_egyptian_2018,B016797,Unspecified (BBAW),ḥꜥ.pl nṯr ꜣbḫ.w m ꞽr sw,True,True,101230,Ramses,RAMSES_DB0C3B495869,S_train_038734,Late Egyptian,ḥꜥ.w nṯr ꜣbḫ m ꞽ.ꞽr sw,True,False,
XED_257,BBAW<->TLA,0.888889,8434,TLA,TLA_EARLIER_8436,S8436,Earlier Egyptian,ꞽw mr(.w) n(.ꞽ) nsw.t r ꞽmꜣḫ.y,True,True,36632,BBAW,bbaw_egyptian_2018,B007781,Unspecified (BBAW),[ꞽw] [mr.w] [n(.ꞽ)] [nsw.t] [r] [ꞽmꜣḫ],False,True,
XED_258,Ramses<->TLA,0.857143,14168,TLA,TLA_LATE_1401,S1401,Late Egyptian,ḫꜣꜥ =k rn n nʾ.t =k wꜥb,True,True,92307,Ramses,RAMSES_3258F08455C6,S_train_022828,Late Egyptian,ḫꜣꜥ =k rn n nꞽw.t =k wꜥb,True,False,
XED_259,AES<->BBAW,0.866667,20420,AES,AES_228F97461220,S228F97461220,Unspecified (AES),ꞽ wn-rʾ-nn-pꜣ-4-bꜣ.pl-ꜥꜣ.pl-n.tꞽ-m-ẖr.t-nṯr,True,True,30795,BBAW,bbaw_egyptian_2018,B075967,Unspecified (BBAW),ꞽ wn-rʾ-n-pꜣ-4-nṯr.pl-ꜥꜣ.w.pl-n.tꞽ-m-ẖr.t-nṯr,True,True,
XED_260,AES<->Ramses,0.714286,17233,AES,AES_5E368E16AE72,S5E368E16AE72,Unspecified (AES),ꜥq =k r pr =ꞽ,True,True,104628,Ramses,RAMSES_9C198B79AE16,S_train_044986,Late Egyptian,nn ꜥq =ꞽ r pr =k r nḥḥ,True,False,
XED_261,AES<->TLA,0.833333,2818,TLA,TLA_EARLIER_2820,S2820,Earlier Egyptian,ḥr.w ꜥnḫ-ms.wt.PL,True,True,22244,AES,AES_27C0CF4EA3A7,S27C0CF4EA3A7,Unspecified (AES),ḥr.w-nbw ꜥnḫ-ms.w〈t〉.pl,True,True,de
XED_262,BBAW<->Ramses,0.875,40108,BBAW,bbaw_egyptian_2018,B018249,Unspecified (BBAW),ꞽw ꞽr.t =k (r) wbḫ{t} rꜥ-nb,False,True,114161,Ramses,RAMSES_A25AE8FB31AB,S_train_062818,Late Egyptian,ꞽw ꞽr.t =k wbḫ rꜥ nb,True,False,
XED_263,BBAW<->TLA,0.888889,8513,TLA,TLA_EARLIER_8515,S8515,Earlier Egyptian,nḫḫ n =k ꞽr(.t)-ḥr.w ḫr =k,True,True,73482,BBAW,bbaw_egyptian_2018,B090847,Unspecified (BBAW),hꜣ nḫḫ n =k ꞽr.t-Ḥr.w ḫr =[k],False,True,
XED_264,Ramses<->TLA,0.857143,12913,TLA,TLA_LATE_142,S142,Late Egyptian,wn.ꞽn tꜣ psd.t ḥr ḏd n bꜣ-nb-ḏd.t nṯr-ꜥꜣ-ꜥnḫ,True,True,90304,Ramses,RAMSES_80BA128C9FA9,S_train_019408,Late Egyptian,wn.ꞽn tꜣ psḏ.t ḥr ḏd n bꜣ-nb-ḏd.t nṯr ꜥꜣ ꜥnḫ,True,False,
XED_265,AES<->BBAW,0.866667,19954,AES,AES_29DFB2306DAF,S29DFB2306DAF,Unspecified (AES),srwd šꜣ.pl nb m ꞽwi̯ =k ꜥꜣi̯ tw nni̯ tw ꜣḫꜣḫ n.t m wꜣḏwꜣḏ.pl,True,True,30867,BBAW,bbaw_egyptian_2018,B076278,Unspecified (BBAW),srd šꜣ.pl nb m ꞽwi̯ =k ꜥꜣi̯ tw nni̯ tw ꜣḫꜣḫ n.t m wꜣḏwꜣḏ.pl,True,True,
XED_266,AES<->Ramses,0.714286,16474,AES,AES_5EF67286BDFE,S5EF67286BDFE,Unspecified (AES),snm =k n =f sḏm =f ḏd.t =k,True,True,98958,Ramses,RAMSES_A10AD9DC1EC2,S_train_034593,Late Egyptian,ḏd(.t).n =f n =k,True,False,
XED_267,AES<->TLA,0.833333,3517,TLA,TLA_EARLIER_3519,S3519,Earlier Egyptian,ḏd.t(w) n =f ꞽyi̯.w m-ḥtp ꞽn wr.PL-n.w-ꜣbḏ.w,True,True,21034,AES,AES_09FF3DD83E01,S09FF3DD83E01,Unspecified (AES),ḏd.t(w) n =f ꞽwi̯ m-ḥtp ꞽn wr.pl n.w ꜣbḏ.w,True,True,de
XED_268,BBAW<->Ramses,0.875,40161,BBAW,bbaw_egyptian_2018,B018353,Unspecified (BBAW),ꞽw nḥi̯ =tw ṯs n{.t} [⸮wꜣḥ?]-ꞽb,False,True,102870,Ramses,RAMSES_D9E4A487008E,S_train_041781,Late Egyptian,ꞽw nḥꞽ =tw ṯs n wꜣḥ-ꞽb,False,False,
XED_269,BBAW<->TLA,0.888889,8688,TLA,TLA_EARLIER_8690,S8690,Earlier Egyptian,zꞽ ꞽn(.w).PL =f bṯ sꞽn =f ḥww =sn n ḏsr rmn ḥr ꞽꜣb.tt šm.t wꜥ pn ꞽm(.ꞽ) =k ḏd nṯr wḏ =f mdw n ꞽt(ꞽ).PL nṯr.PL,True,True,73529,BBAW,bbaw_egyptian_2018,B090950,Unspecified (BBAW),zꞽ ꞽn(.w).pl =f bṯ sꞽn.pl =f ḥww =sn n ḏsr rmn ḥr ꞽꜣb.tt šm.t wꜥ 〈pn〉 [ꞽ]m(.ꞽ) =k ḏd.w nṯr wḏ =f mdw n ꞽt(ꞽ).pl nṯr.pl,False,True,
XED_270,Ramses<->TLA,0.857143,14333,TLA,TLA_LATE_1566,S1566,Late Egyptian,sw ḫft-ḥr-n nb =f,True,True,88074,Ramses,RAMSES_66F8F0A57DBB,S_train_015606,Late Egyptian,sw m-ḫft-ḥr-n nb =f,True,False,
XED_271,AES<->BBAW,0.866667,23762,AES,AES_301174F6E893,S301174F6E893,Unspecified (AES),ky wḏꜣ.t ꞽri̯.t n s.t pri̯(.t) ẖrd.pl =s r-rw.tꞽ nn ꜥnḫ ms.pl =s,True,True,28947,BBAW,bbaw_egyptian_2018,B065503,Unspecified (BBAW),ky wḏꜣ{.t} ꞽri̯.t n s.t pri̯(.t) ẖrd.pl =s r-rw.tꞽ ms.pl =s,True,True,
XED_272,AES<->Ramses,0.714286,22016,AES,AES_65A1B8693528,S65A1B8693528,Unspecified (AES),wḏꜣ =f wḏꜣ m-ꜥ mꜣꞽ.w.pl,True,True,82444,Ramses,RAMSES_969641D24D9C,S_train_006297,Late Egyptian,wḏꜣ =f wḏꜣ =ꞽ m mꜣꞽ.w,True,False,
XED_273,AES<->TLA,0.833333,4862,TLA,TLA_EARLIER_4864,S4864,Earlier Egyptian,ꞽri̯ m (ꞽ)ḫ.t wꜥ.t,True,True,25067,AES,AES_3BC1CE31E032,S3BC1CE31E032,Unspecified (AES),ꞽri̯.w m (ꞽ)ḫ.t wꜥ,True,True,de
XED_274,BBAW<->Ramses,0.875,40250,BBAW,bbaw_egyptian_2018,B018601,Unspecified (BBAW),mtw =k {ḥr} hꜣb n =ꞽ ꜥ =w,False,True,96829,Ramses,RAMSES_F761EEC56368,S_train_030895,Late Egyptian,mtw =k hꜣb n =ꞽ <ḥr> ꜥ =k,False,False,
XED_275,BBAW<->TLA,0.888889,8887,TLA,TLA_EARLIER_8889,S8889,Earlier Egyptian,ṯzi̯ ṯw n(ꞽ).t pw n m(w)t =k,True,True,69536,BBAW,bbaw_egyptian_2018,B082859,Unspecified (BBAW),ṯzi̯ ṯw Ppy pw n m(w)t =k,False,True,
XED_276,Ramses<->TLA,0.857143,14400,TLA,TLA_LATE_1633,S1633,Late Egyptian,ꜣḫ n =k wḏꜣ ḥr-r-rʾ =sn,True,True,103383,Ramses,RAMSES_16E665EDAA2E,S_train_042694,Late Egyptian,ꜣḫ n =k wḏꜣ ḥr =sn,True,False,
XED_277,AES<->BBAW,0.866667,18572,AES,AES_EAD5A7ED415B,SEAD5A7ED415B,Unspecified (AES),šmi̯-m-ḥr(.ꞽ)w.pl-r-gs-pr-wr m rn =s pwy n šsm.t,True,True,31067,BBAW,bbaw_egyptian_2018,B077224,Unspecified (BBAW),šmi̯.t-m-ḥr(.ꞽ)w.pl-r-gs-pr-wr m rn =s pfy n Šsm.t,True,True,
XED_278,AES<->Ramses,0.714286,20718,AES,AES_7B2A133EF0B1,S7B2A133EF0B1,Unspecified (AES),ꜥḥꜥ.n ḏd.n ḥm =f,True,True,86761,Ramses,RAMSES_4BBB5A1AAEEB,S_train_013368,Late Egyptian,ꜥḥꜥ.n ḏd.n ḥm =f n pꜣy.f qrꜥw,True,False,
XED_279,AES<->TLA,0.833333,6098,TLA,TLA_EARLIER_6100,S6100,Earlier Egyptian,wt mn.t nb.t ḥr =s,True,True,23600,AES,AES_029F6A5634FC,S029F6A5634FC,Unspecified (AES),wt mn.t ḥr =s,True,True,de
XED_280,BBAW<->Ramses,0.875,40642,BBAW,bbaw_egyptian_2018,B019384,Unspecified (BBAW),ꞽmn ꞽ:ḏd〈.ṱ〉 =〈f〉 m pr ={k} =〈f〉,False,True,79389,Ramses,RAMSES_87EB642A61BC,S_train_001487,Late Egyptian,ꞽ.ꞽmn ḏd =<f> m pr =k =<f>,False,False,
XED_281,BBAW<->TLA,0.888889,9466,TLA,TLA_EARLIER_9468,S9468,Earlier Egyptian,ḏi̯ =ṯ rwḏ ds =f r ḫft(.ꞽ).w =f,True,True,73725,BBAW,bbaw_egyptian_2018,B091435,Unspecified (BBAW),ḏi̯ ={r}〈ṯ〉 rwḏ ds =f ꞽr ḫft(.ꞽ).w =f,False,True,
XED_282,Ramses<->TLA,0.857143,14487,TLA,TLA_LATE_1720,S1720,Late Egyptian,ꞽw wnm pꜣ db.w nꜣ ktḫ.w,True,True,93688,Ramses,RAMSES_9E35BA5F36BD,S_train_025339,Late Egyptian,ꞽw wnm pꜣ db nꜣ ktḫ,True,False,
XED_283,AES<->BBAW,0.863636,16543,AES,AES_0165C094D6A5,S0165C094D6A5,Unspecified (AES),n kꜣ n ḥz.y-n-nṯr-nfr ṯꜣ.y-ḫw-ḥr-wnm.ꞽ-nzw zẖꜣ.w-nzw-mꜣꜥ-mri̯=f ꞽt(ꞽ)-nṯr ꞽy wḥm-ꜥnḫ,True,True,31441,BBAW,bbaw_egyptian_2018,B099760,Unspecified (BBAW),n kꜣ n ḥz.y-n-nṯr-nfr ṯꜣ.y-ḫw-ḥr-wnm.ꞽ-nzw zẖꜣ.w-nzw-mꜣꜥ-mri̯=f ꞽt(ꞽ)-nṯr Ꞽy mꜣꜥ-ḫrw,True,True,
XED_284,AES<->Ramses,0.714286,20896,AES,AES_8D24846F9EB2,S8D24846F9EB2,Unspecified (AES),ḫr tꜣy =k ḥm.t m-ḏi̯ =ꞽ m sḫr.w n mw.tt,True,True,98034,Ramses,RAMSES_87BC3F50A3B7,S_train_033001,Late Egyptian,ḫr tꜣy.k ḥm.t m-dꞽ =ꞽ m sḫr n mw.t,True,False,
XED_285,AES<->TLA,0.833333,6208,TLA,TLA_EARLIER_6210,S6210,Earlier Egyptian,ḏd.t(w) n =f ꞽyi̯.w m ḥtp(.w) ꞽn wr.PL-n.w-ꜣbḏ.w,True,True,20690,AES,AES_8BD283CCA529,S8BD283CCA529,Unspecified (AES),ḏd.t(w) n =f ꞽy.w m-ḥtp ꞽn wr.w.pl n.w ꜣbḏ.w,True,True,de
XED_286,BBAW<->Ramses,0.875,40812,BBAW,bbaw_egyptian_2018,B019630,Unspecified (BBAW),m-ꞽri̯ wni̯.ṱ =f ⸮〈m〉? nꜣy =f dbḥ,False,True,104540,Ramses,RAMSES_0CA85E25956D,S_train_044825,Late Egyptian,m ꞽrꞽ wnꞽ.t =f <m> nꜣy.f dbḥ.w,False,False,
XED_287,BBAW<->TLA,0.888889,9903,TLA,TLA_EARLIER_9905,S9905,Earlier Egyptian,ꞽw wšꜥ.n =k qs.PL mꞽw.t ḥwꜣ.t.PL,True,True,54738,BBAW,bbaw_egyptian_2018,B041382,Unspecified (BBAW),ꞽw wšꜥ.n =k qs.w n(.w) mꞽw ḥwꜣ.w,False,True,
XED_288,Ramses<->TLA,0.857143,14615,TLA,TLA_LATE_1848,S1848,Late Egyptian,gmi̯ =k sw mꞽ smꞽ nfr,True,True,97810,Ramses,RAMSES_F62E1D32AE4B,S_train_032629,Late Egyptian,mꞽ dwꜣw gmꞽ =k sw mꞽ smꞽ nfr,True,False,
XED_289,AES<->BBAW,0.857143,16403,AES,AES_0256860A36FB,S0256860A36FB,Unspecified (AES),n kꜣ n ḥr.ꞽ-mḏꜣ.w-n-ꜣḫ.t-ꞽtn mḥ mꜣꜥ-ḫrw,True,True,31504,BBAW,bbaw_egyptian_2018,B100325,Unspecified (BBAW),n kꜣ n ḥr.ꞽ-mḏꜣ.w-n-Ꜣḫ.t-Ꞽtn Mḥ mꜣꜥ-ḫrw nb-ꞽmꜣḫ,True,True,
XED_290,AES<->Ramses,0.714286,20760,AES,AES_92840F8916D0,S92840F8916D0,Unspecified (AES),ḏd ꞽw ḏd =ꞽ n ꞽb.pl,True,True,79679,Ramses,RAMSES_2E39E1A367E6,S_train_001970,Late Egyptian,ꞽw =w (ḥr) ḏd n =ꞽ,False,False,
XED_291,AES<->TLA,0.833333,8369,TLA,TLA_EARLIER_8371,S8371,Earlier Egyptian,nḏ m (ꞽ)ḫ.t wꜥ.t,True,True,26133,AES,AES_5702C20EA9BA,S5702C20EA9BA,Unspecified (AES),nḏ snꜥꜥ m (ꞽ)ḫ.t wꜥ.t,True,True,de
XED_292,BBAW<->Ramses,0.875,41927,BBAW,bbaw_egyptian_2018,B024778,Unspecified (BBAW),ꞽṯꜣ =〈ꞽ〉 ssm.t =ꞽ r-ḥꜣ.t pꜣ ⸢ṯꜣw⸣,False,True,114985,Ramses,RAMSES_4DFDE71E4FFB,S_train_064329,Late Egyptian,ssm.t =ꞽ r-ḥꜣ.t pꜣ ṯꜣw,True,False,
XED_293,BBAW<->TLA,0.888889,12791,TLA,TLA_LATE_020,S020,Late Egyptian,hꜣb pw r ḏi̯.t rḫ pꜣy =ꞽ nb,True,True,77592,BBAW,bbaw_egyptian_2018,B096788,Unspecified (BBAW),hꜣb pw r ḏi̯ rḫ pꜣy =ꞽ ⸢nb⸣,False,True,
XED_294,Ramses<->TLA,0.857143,14843,TLA,TLA_LATE_2076,S2076,Late Egyptian,tw=k ḫꜣꜥ.tw r pꜣ mw,True,True,108556,Ramses,RAMSES_FBB02D55AAA5,S_train_052239,Late Egyptian,ꞽw =k ḫꜣꜥ.tw r pꜣ mw,True,False,
XED_295,AES<->BBAW,0.857143,16836,AES,AES_054C7616A357,S054C7616A357,Unspecified (AES),zꜣ.t-nzw-n-ẖ.t=f mri̯.t =f mr.(y)t-ꞽtn msi̯.n ḥm.t-nzw-wr.t nfr-nfr.pl-ꞽtn-nfr.t-ꞽy.tꞽ ꜥnḫ.tꞽ ḏ.t,True,True,31268,BBAW,bbaw_egyptian_2018,B098416,Unspecified (BBAW),zꜣ.t-nzw-n-ẖ.t=f ⸢⸮Mr.(y)t-Ꞽtn?⸣ ⸢⸮msi̯.n?⸣ ⸢⸮ḥm.t-nzw-wr.t?⸣ ⸢Nfr-nfr.pl-Ꞽtn-Nfr.t-ꞽy.tꞽ⸣ ⸮ꜥnḫ.t? ḏ.t nḥḥ zꜣ.t-nzw-n-ẖ.t=f ⸢⸮Mk.t-Ꞽtn?⸣ ⸢⸮msi̯.n?⸣ ⸢⸮ḥm.t-nzw-wr.t?⸣ ⸢Nfr-nfr.pl-Ꞽtn-Nfr.t-ꞽy.tꞽ⸣ ⸮ꜥnḫ.t? ḏ.t nḥḥ,True,True,
XED_296,AES<->Ramses,0.714286,20422,AES,AES_94139FFE43A9,S94139FFE43A9,Unspecified (AES),ꞽ ḏd-〈m〉-rn-〈n〉-ḏd.t,True,True,109510,Ramses,RAMSES_0CF8FAE5379A,S_train_054013,Late Egyptian,ꞽ.ḏd =n m mꜣꜥ.t,True,False,
XED_297,AES<->TLA,0.833333,9651,TLA,TLA_EARLIER_9653,S9653,Earlier Egyptian,ꜣmꞽ m (ꞽ)ḫ.t wꜥ.t,True,True,23699,AES,AES_21577C10B0EE,S21577C10B0EE,Unspecified (AES),ꜣmꞽ.w m (ꞽ)ḫ.t wꜥ.t,True,True,de
XED_298,BBAW<->Ramses,0.875,42131,BBAW,bbaw_egyptian_2018,B025448,Unspecified (BBAW),ꞽw =ꞽ [r] [mtr.ṱ] =[k] [ḥr] =[w],False,True,105318,Ramses,RAMSES_6278065DEDD6,S_train_046311,Late Egyptian,ꞽw =ꞽ (r) mtr =k ḥr =w,False,False,
XED_299,BBAW<->TLA,0.888889,12800,TLA,TLA_LATE_029,S029,Late Egyptian,ḫr ꞽry =ꞽ qnqn =k m ḫt nb,True,True,41173,BBAW,bbaw_egyptian_2018,B021174,Unspecified (BBAW),ḫr ꞽry =ꞽ qnqn =k m ḫt nb{.t},False,True,
XED_300,Ramses<->TLA,0.857143,14861,TLA,TLA_LATE_2094,S2094,Late Egyptian,wn.ꞽn ḥr.w ḥr ḏd n =f,True,True,118263,Ramses,RAMSES_2A381D08B733,S_test_002331,Late Egyptian,ꞽn =f (ḥr) ḏd n =w,False,False,
